uncertaincheck,casrn,name,average_mass,endpoint,new_rfc,source,subsource,type,duration,species,dxw,daf,pod_hec,interspecies,intraspecies,subtochronic,loaectonoaec,allufs,toxval_numeric,toxval_units,value_ppb,toxicological_effect,study_type,source_url,subsource_url,entry_modified_br,additional_notes_br,long_ref,
,100-41-4,Ethylbenzene,106,aural,2073,PPRTV (CPHEA),PPRTV Summary,RfCp,subchronic,human,,,,,,,,,9,mg/m3,2073,Histopathological evidence of ototoxicity without functional changes in male rats,Toxicity Value,https://www.epa.gov/pprtv/basic-information-about-provisional-peer-reviewed-toxicity-values-pprtvs,https://cfpub.epa.gov/ncea/pprtv/chemicalLanding.cfm?pprtv_sub_id=1746,,.,.,
,100-41-4,Ethylbenzene,106,developmental,230,IRIS,IRIS Summary,RfC,chronic,human,,,,,,,,,1,mg/m3,230,Developmental toxicity in male/female rabbits/rats,Toxicity Value,https://www.epa.gov/iris,https://iris.epa.gov/ChemicalLanding/&substance_nmbr=51,,.,.,
,100-41-4,Ethylbenzene,106,endocrine,461,Cal OEHHA,Cal OEHHA Export,REL,chronic,human,,,,,,,,,2,mg/m3,461,Alimentary system (liver); kidney; endocrine system; development,,https://oehha.ca.gov/chemicals,https://oehha.ca.gov/chemicals/ethylbenzene,,,,
,100-41-4,Ethylbenzene,106,hepatic,83,Health Canada,.,NOAEC,subchronic,rat,0,1,24987,3,10,10,1,300,434,mg/m3,99948,"increased relative liver, kidney, and spleen weights of dams|reduced litter size|skeletal variations",developmental,https://publications.gc.ca/site/eng/9.694269/publication.html,.,,.,.,
,100-41-4,Ethylbenzene,106,immunological,69,"Health Canada, ATSDR Tox Profile (added ref from old metdb)",NIOSH 1981,NOAEC,subchronic,rat,0,1,20823,3,10,10,1,300,434,mg/m3,99948,"increased relative liver, kidney, and spleen weights of dams|reduced litter size|skeletal variations",developmental,https://publications.gc.ca/site/eng/9.694269/publication.html,.,1,.,.,
,100-41-4,Ethylbenzene,106,musculoskeletal,59,Health Canada,.,NOAEC,subchronic,rat,0,1,17848,3,10,10,1,300,434,mg/m3,99948,"increased relative liver, kidney, and spleen weights of dams|reduced litter size|skeletal variations",developmental,https://publications.gc.ca/site/eng/9.694269/publication.html,.,,.,.,
,100-41-4,Ethylbenzene,106,neurological,2000,ATSDR,ATSDR MRLs 2025,MRL,subchronic,human,,,,,,,,,2,ppm,2000,,,,,,Final,,
,100-41-4,Ethylbenzene,106,renal,60,ATSDR,ATSDR MRLs 2025,MRL,chronic,human,,,,,,,,,0,ppm,60,,,,,,Final,,
,100-41-4,Ethylbenzene,106,reproductive,60,ECHA IUCLID,Developmental Toxicity Teratogenicity,NOAEC,.,rat,0,1,17856,3,10,10,1,300,434,mg/m3,99997,reproduction developmental,reproduction developmental,https://echa.europa.eu/,,1,could also be developmental https://chem.echa.europa.eu/100.002.591/dossier-view/e4c88c6e-06c7-4daa-b0fb-1a55459ac22f/IUC5-d869c173-c1a5-417a-a998-8c15bba459f4_8ed375af-eef5-45ed-9467-62cc5de8dc08?searchText=100-41-4,.,
,100-41-4,Ethylbenzene,106,systemic,2083,ECHA POC,TSCA POC ECHA,NOAEC,chronic,ratmouse,0,1,62500,3,10,1,1,30,,.,250000,.,.,.,.,,.,.,
,100-42-5,Styrene,104,developmental,59,Health Canada,.,LOAEC,chronic,rat,0,1,17802,3,10,1,10,300,260,mg/m3,61036,"reduced pup body weight, reduced neuroamines, neurological/behavioral changes",developmental,https://publications.gc.ca/site/eng/9.694269/publication.html,.,,.,.,
,100-42-5,Styrene,104,hematological,13,ECHA POC,TSCA POC ECHA,LOAEC,subchronic,ratmouse,0,1,39406,3,10,10,10,3000,,.,220672,.,.,.,.,,.,.,
,100-42-5,Styrene,104,hepatic,4000,ATSDR Tox Profile,Harkonen et al. 1984,NOAEC,chronic,human,,,,1,10,1,1,10,,.,40000,.,.,.,.,,.,.,
,100-42-5,Styrene,104,immunological,260,ATSDR Tox Profile,Tulkinske et al. 2000,LOAEC,chronic,human,,,,1,10,1,10,100,,.,26000,.,.,.,.,,.,.,
,100-42-5,Styrene,104,neurological,200,ATSDR,ATSDR MRLs 2025,MRL,chronic,human,,,,,,,,,0,ppm,200,,,,,,Final,,
,100-42-5,Styrene,104,ocular,18,ECHA POC,TSCA POC ECHA,LOAEC,subchronic,ratmouse,0,1,53659,3,10,10,10,3000,,.,300490,.,.,.,.,,.,.,
,100-42-5,Styrene,104,renal,2600,ATSDR Tox Profile,Verplanke et al. 1998,NOAEC,chronic,human,,,,1,10,1,1,10,,.,26000,.,.,.,.,,.,.,
,100-42-5,Styrene,104,reproductive,29,ECHA POC,TSCA POC ECHA,NOAEC,.,ratmouse,0,1,8803,3,10,10,1,300,,.,49299,.,.,.,.,,.,.,
,100-42-5,Styrene,104,respiratory,4600,ATSDR Tox Profile,Odkvist et al. 1985,NOAEC,chronic,human,,,,1,10,1,1,10,,.,46000,.,.,.,.,,.,.,
,100-42-5,Styrene,104,systemic,476,ATSDR Tox Profile,Cruzan et al. 2001,NOAEC,chronic,ratmouse,0,1,14286,3,10,1,1,30,,.,80000,.,.,.,.,,.,.,
,105-05-5,"1,4-Diethylbenzene",134,systemic,475,ECHA,.,DNEL,chronic,human,,,,,,,,,3,mg/m3,475,.,Toxicity Value,"https://chem.echa.europa.eu/100.002.969/dossier-view/3edc7b34-2357-4ec0-84e3-6fa6c5b263d1/IUC5-0b9ad585-0977-433f-8498-36a603f68d19_4abb09f6-9540-4264-947c-b009ac815616?searchText=1,4-Diethylbenzene",.,1,"DNEL(derived no-effect levels), this entry originally listed a GESTIS DNEL (occupational), general population DNEL is listed in dossier at https://chem.echa.europa.eu/, derived from an oral NOAEL",.,
,106-46-7,"1,4-Dichlorobenzene",147,developmental,12,ATSDR Tox Profile,Tyl and Neeper-Bradley 1989,NOAEC,subchronic,ratmouse,0,0,3720,3,10,10,1,300,,.,93000,.,.,.,.,,.,.,
,106-46-7,"1,4-Dichlorobenzene",147,hematological,71,Health Canada,"Loeser and Litchfield, 1983",NOAEC,chronic,rat,0,0,2138,3,10,1,1,30,450,mg/m3,74847,"increased liver and kidney weight, urinary protein, and coproporphyrin",chronic,https://publications.gc.ca/site/eng/9.694269/publication.html,.,1,.,.,
,106-46-7,"1,4-Dichlorobenzene",147,hepatic,133,IRIS,IRIS Summary,RfC,chronic,human,,,,,,,,,1,mg/m3,133,Increased liver weights in male/female rats,Toxicity Value,https://www.epa.gov/iris,https://iris.epa.gov/ChemicalLanding/&substance_nmbr=552,,DAF = 1 based on NOAEC and study from 1986 (1994) https://iris.epa.gov/static/pdfs/0552_summary.pdf,.,
,106-46-7,"1,4-Dichlorobenzene",147,neurological,133,Cal OEHHA,Cal OEHHA Export,REL,chronic,human,,,,,,,,,1,mg/m3,133,Nervous and respiratory; alimentary systems (liver); kidney,,https://oehha.ca.gov/chemicals,https://oehha.ca.gov/chemicals/14-dichlorobenzene,,,,
,106-46-7,"1,4-Dichlorobenzene",147,ocular,28,ATSDR Tox Profile,Tyl and Neeper-Bradley 1989,NOAEC,subchronic,ratmouse,0,0,8440,3,10,10,1,300,,.,211000,.,.,.,.,,.,.,
,106-46-7,"1,4-Dichlorobenzene",147,renal,71,Health Canada,"Loeser and Litchfield, 1983",NOAEC,chronic,rat,0,0,2138,3,10,1,1,30,450,mg/m3,74847,"increased liver and kidney weight, urinary protein, and coproporphyrin",chronic,https://publications.gc.ca/site/eng/9.694269/publication.html,.,1,.,.,
,106-46-7,"1,4-Dichlorobenzene",147,respiratory,10,ATSDR,ATSDR MRLs 2025,MRL,chronic,human,,,,,,,,,0,ppm,10,,,,,,"Final, DAF= 0.16 derived using BMCL from Aiso et al 2005 (use this DAF more recent) https://www.atsdr.cdc.gov/ToxProfiles/tp10.pdf",,
,106-46-7,"1,4-Dichlorobenzene",147,systemic,17,HEAST,.,NOAEC,chronic,ratmouse,0,0,499,3,10,1,1,30,,.,12475,.,.,.,.,,.,.,
,106-93-4,"1,2-Dibromoethane",188,developmental,1,ECHA IUCLID,Developmental Toxicity Teratogenicity,LOAEC,.,ratmouse,0,1,3571,3,10,10,10,3000,,.,20000,.,.,.,.,,.,.,
,106-93-4,"1,2-Dibromoethane",188,endocrine,3,Health Canada,"U.S. EPA, 2004 (based on NTP, 1982)",BMCL,chronic,mouse,0,1,91,3,10,1,1,30,3,mg/m3,364,"nasal inflammation, hepatic necrosis, testicular and retinal atrophy, adrenal cortical degeneration, splenic hematopoiesis",chronic,https://publications.gc.ca/site/eng/9.694269/publication.html,.,,.,.,
,106-93-4,"1,2-Dibromoethane",188,hepatic,3,Health Canada,"U.S. EPA, 2004 (based on NTP, 1982)",BMCL,chronic,mouse,0,1,91,3,10,1,1,30,3,mg/m3,364,"nasal inflammation, hepatic necrosis, testicular and retinal atrophy, adrenal cortical degeneration, splenic hematopoiesis",chronic,https://publications.gc.ca/site/eng/9.694269/publication.html,.,,.,.,
,106-93-4,"1,2-Dibromoethane",188,immunological,3,Health Canada,"U.S. EPA, 2004 (based on NTP, 1982)",BMCL,chronic,mouse,0,1,91,3,10,1,1,30,3,mg/m3,364,"nasal inflammation, hepatic necrosis, testicular and retinal atrophy, adrenal cortical degeneration, splenic hematopoiesis",chronic,https://publications.gc.ca/site/eng/9.694269/publication.html,.,,.,.,
,106-93-4,"1,2-Dibromoethane",188,ocular,3,Health Canada,"U.S. EPA, 2004 (based on NTP, 1982)",BMCL,chronic,mouse,0,1,91,3,10,1,1,30,3,mg/m3,364,"nasal inflammation, hepatic necrosis, testicular and retinal atrophy, adrenal cortical degeneration, splenic hematopoiesis",chronic,https://publications.gc.ca/site/eng/9.694269/publication.html,.,,.,.,
,106-93-4,"1,2-Dibromoethane",188,reproductive,0,Cal OEHHA,Cal OEHHA Export,REL,chronic,human,,,,,,,,,0,mg/m3,0,Reproductive system,,https://oehha.ca.gov/chemicals,https://oehha.ca.gov/chemicals/12-dibromoethane,,,,
,106-93-4,"1,2-Dibromoethane",188,respiratory,1,IRIS,IRIS Summary,RfC,chronic,human,,,,,,,,,0,mg/m3,1,Nasal inflammation in male/female mice,Toxicity Value,https://www.epa.gov/iris,https://iris.epa.gov/ChemicalLanding/&substance_nmbr=361,,DAF=1 https://iris.epa.gov/static/pdfs/0361tr.pdf,.,
,106-97-8,Butane,58,developmental,25290,CompTox,ECHA eChemPortal,NOAEC,chronic,rodent,0,1,758699,3,10,1,1,30,,.,3034795,.,.,.,.,,.,.,
,106-97-8,Butane,58,neurological,5357,ECHA IUCLID,Neurotoxicity,NOAEC,.,rat,0,1,1607038,3,10,10,1,300,21394,mg/m3,8999437,Neurotoxicity,repeat dose other,https://echa.europa.eu/,https://echa.europa.eu/registration-dossier/-/registered-dossier/15193/7/10/1?documentUUID=40b60020-9f78-4951-850e-65f73fcd86d7,1,.,.,
,106-97-8,Butane,58,reproductive,25290,CompTox,ECHA eChemPortal,NOAEC,chronic,rodent,0,1,758699,3,10,1,1,30,,.,3034795,.,.,.,.,,.,.,
,106-97-8,Butane,58,systemic,2955,CompTox,ECHA IUCLID,NOAEC,.,rodent,0,1,886434,3,10,10,1,300,,.,4964040,.,.,.,.,,.,.,
,106-98-9,1-Butene,56,developmental,4762,EPA HPVIS,HPVIS Mammalian Repeat Dose,NOAEC,subchronic,rat,0,1,1428572,3,10,10,1,300,18359,mg/m3,8000024,reproduction developmental,reproduction developmental,.,.,1,.,.,
,106-98-9,1-Butene,56,reproductive,4762,EPA HPVIS,HPVIS Mammalian Repeat Dose,NOAEC,subchronic,rat,0,1,1428572,3,10,10,1,300,18359,mg/m3,8000024,reproduction developmental,reproduction developmental,.,.,1,.,.,
,106-99-0,"1,3-Butadiene",54,cardiovascular,1190,ATSDR Tox Profile,NTP 1993,NOAEC,chronic,rodent,0,1,35714,3,10,1,1,30,,.,200000,.,.,.,.,,.,.,
,106-99-0,"1,3-Butadiene",54,developmental,24,EPA HPVIS,HPVIS Mammalian Devtox,NOAEC,subchronic,mouse,0,1,7143,3,10,10,1,300,88,mg/m3,40000,reproduction developmental,reproduction developmental,.,.,1,.,.,
,106-99-0,"1,3-Butadiene",54,gastrointestinal,119,ATSDR Tox Profile,NTP 1993,NOAEC,subchronic,rodent,0,1,35714,3,10,10,1,300,,.,200000,.,.,.,.,,.,.,
,106-99-0,"1,3-Butadiene",54,hematological,1190,ATSDR Tox Profile,NTP 1993,NOAEC,chronic,rodent,0,1,35714,3,10,1,1,30,,.,200000,.,.,.,.,,.,.,
,106-99-0,"1,3-Butadiene",54,hepatic,372,ATSDR Tox Profile,NTP 1993,NOAEC,chronic,rodent,0,1,11161,3,10,1,1,30,,.,62500,.,.,.,.,,.,.,
,106-99-0,"1,3-Butadiene",54,immunological,10417,CompTox,ECHA POC,NOAEC,chronic,rodent,0,1,312500,3,10,1,1,30,,.,1250000,.,.,.,.,,.,.,
,106-99-0,"1,3-Butadiene",54,musculoskeletal,372,ATSDR Tox Profile,NTP 1993,NOAEC,subchronic,rodent,0,1,111607,3,10,10,1,300,,.,625000,.,.,.,.,,.,.,
,106-99-0,"1,3-Butadiene",54,neurological,7440,ATSDR Tox Profile,NTP 1984,NOAEC,chronic,rodent,0,1,223214,3,10,1,1,30,,.,1250000,.,.,.,.,,.,.,
,106-99-0,"1,3-Butadiene",54,ocular,119,ATSDR Tox Profile,NTP 1993,NOAEC,subchronic,rodent,0,1,35714,3,10,10,1,300,,.,200000,.,.,.,.,,.,.,
,106-99-0,"1,3-Butadiene",54,reproductive,1,IRIS,NTP 1993,RfC,chronic,rodent,,,,,10,,,,0,mg/m3,1,Ovarian atrophy in female mice,Toxicity Value,https://www.epa.gov/iris,https://iris.epa.gov/ChemicalLanding/&substance_nmbr=139,,.,.,
,106-99-0,"1,3-Butadiene",54,respiratory,119,ATSDR Tox Profile,NTP 1993,NOAEC,subchronic,rodent,0,1,35714,3,10,10,1,300,,.,200000,.,.,.,.,,.,.,
,107-02-8,Acrolein,56,cardiovascular,0,ATSDR Tox Profile,Feron et al. 1978,NOAEC,subchronic,ratmouse,0,0,35,3,10,10,1,300,,.,1400,.,.,.,.,,.,.,
,107-02-8,Acrolein,56,hematological,0,ATSDR Tox Profile,Sinkuvene 1970,NOAEC,subchronic,ratmouse,1,0,45,3,10,10,1,300,,.,320,.,.,.,.,,.,.,
,107-02-8,Acrolein,56,hepatic,0,ATSDR Tox Profile,Lyon et al. 1970,NOAEC,subchronic,ratmouse,1,0,31,3,10,10,1,300,,.,220,.,.,.,.,,.,.,
,107-02-8,Acrolein,56,neurological,0,ATSDR Tox Profile,Kutzman et al. 1984,LOAEC,subchronic,ratmouse,0,0,100,3,10,10,10,3000,,.,4000,.,.,.,.,,.,.,
,107-02-8,Acrolein,56,renal,0,ATSDR Tox Profile,Feron et al. 1978,NOAEC,subchronic,ratmouse,0,0,35,3,10,10,1,300,,.,1400,.,.,.,.,,.,.,
,107-02-8,Acrolein,56,reproductive,0,ATSDR Tox Profile,Kutzman 1981,LOAEC,subchronic,ratmouse,0,0,100,3,10,10,10,3000,,.,4000,.,.,.,.,,https://iris.epa.gov/static/pdfs/0364tr.pdf,.,
,107-02-8,Acrolein,56,respiratory,0,IRIS,IRIS Summary,RfC,chronic,human,,,,,,,,,0,mg/m3,0,Nasal lesions in male/female rats,Toxicity Value,https://www.epa.gov/iris,https://iris.epa.gov/ChemicalLanding/&substance_nmbr=364,,DAF=0.14 https://iris.epa.gov/static/pdfs/0364tr.pdf,.,
,107-02-8,Acrolein,56,systemic,0,ATSDR Tox Profile,Sinkuvene 1970,NOAEC,subchronic,ratmouse,1,0,8,3,10,10,1,300,,.,60,.,.,.,.,,https://www.govinfo.gov/content/pkg/GOVPUB-HE20-PURL-gpo48988/pdf/GOVPUB-HE20-PURL-gpo48988.pdf,.,
,107-06-2,"1,2-Dichloroethane",99,cardiovascular,347,ATSDR Tox Profile,Cheever et al. 1990,NOAEC,chronic,ratmouse,0,1,10417,3,10,1,1,30,,.,50000,.,.,.,.,,.,.,
,107-06-2,"1,2-Dichloroethane",99,developmental,60,ECHA IUCLID,Developmental Toxicity Teratogenicity,NOAEC,.,ratmouse,0,1,17857,3,10,10,1,300,,.,100000,.,.,.,.,,.,.,
,107-06-2,"1,2-Dichloroethane",99,endocrine,347,ATSDR Tox Profile,Cheever et al. 1990,NOAEC,chronic,ratmouse,0,1,10417,3,10,1,1,30,,.,50000,.,.,.,.,,.,.,
,107-06-2,"1,2-Dichloroethane",99,hematological,347,ATSDR Tox Profile,Cheever et al. 1990,NOAEC,chronic,ratmouse,0,1,10417,3,10,1,1,30,,.,50000,.,.,.,.,,.,.,
,107-06-2,"1,2-Dichloroethane",99,hepatic,99,Cal OEHHA,Cal OEHHA Export,REL,chronic,human,,,,,,,,,0,mg/m3,99,Alimentary system (liver),,https://oehha.ca.gov/chemicals,https://oehha.ca.gov/chemicals/12-dichloroethane,,,,
,107-06-2,"1,2-Dichloroethane",99,neurological,2,PPRTV (CPHEA),PPRTV Summary,RfCp,chronic,human,,,,,,,,,0,mg/m3,2,neurobehavioral impairment,Toxicity Value,https://www.epa.gov/pprtv/basic-information-about-provisional-peer-reviewed-toxicity-values-pprtvs,https://cfpub.epa.gov/ncea/pprtv/chemicalLanding.cfm?pprtv_sub_id=1682,,.,.,
,107-06-2,"1,2-Dichloroethane",99,systemic,347,ATSDR Tox Profile,Cheever et al. 1990,NOAEC,chronic,ratmouse,0,1,10417,3,10,1,1,30,,.,50000,.,.,.,.,,.,.,
,108-05-4,Vinyl acetate,86,developmental,9,ECHA IUCLID,Developmental Toxicity Teratogenicity,LOAEC,.,rat,0,0,26786,3,10,10,10,3000,3521,mg/m3,1000005,fetus: fetal/pup body weight changes,developmental,https://echa.europa.eu/,https://echa.europa.eu/registration-dossier/-/registered-dossier/15530/7/9/3?documentUUID=07a4573b-fdbe-4e07-a241-5c26d0280c8e,,.,.,
,108-05-4,Vinyl acetate,86,neurological,57,IRIS,.,RfC,chronic,human,,,,,,,,,,.,57,.,.,.,.,,.,.,
,108-05-4,Vinyl acetate,86,respiratory,57,IRIS,IRIS Summary,RfC,chronic,human,,,,,,,,,0,mg/m3,57,Nasal epithelial lesions in male/female rats,Toxicity Value,https://www.epa.gov/iris,https://iris.epa.gov/ChemicalLanding/&substance_nmbr=512,,DAF=0.15 https://iris.epa.gov/static/pdfs/0512_summary.pdf,.,
,108-05-4,Vinyl acetate,86,systemic,178,ATSDR Tox Profile,Hazleton 1980,NOAEC,chronic,ratmouse,0,0,5352,3,10,1,1,30,,.,199800,.,.,.,.,,.,.,
,108-10-1,4-Methyl-2-pentanone,100,developmental,732,IRIS,IRIS Summary,RfC,chronic,human,,,,,,,,,3,mg/m3,732,"Reduced fetal body weight, skeletal variations, and increased fetal death, and skeletal variations in male/female mice/rats",Toxicity Value,https://www.epa.gov/iris,https://iris.epa.gov/ChemicalLanding/&substance_nmbr=173,,.,.,
,108-10-1,4-Methyl-2-pentanone,100,musculoskeletal,732,IRIS,IRIS Summary,RfC,chronic,human,,,,,,,,,3,mg/m3,732,"Reduced fetal body weight, skeletal variations, and increased fetal death, and skeletal variations in male/female mice/rats",Toxicity Value,https://www.epa.gov/iris,https://iris.epa.gov/ChemicalLanding/&substance_nmbr=173,,.,.,
,108-10-1,4-Methyl-2-pentanone,100,reproductive,595,ECHA IUCLID,Developmental Toxicity Teratogenicity,NOAEC,.,rat,0,1,178572,3,10,10,1,300,4097,mg/m3,1000004,maternal: body weight and weight gain|maternal: clinical signs|maternal: organ weights and organ / body weight ratios,reproduction developmental,https://echa.europa.eu/,https://echa.europa.eu/registration-dossier/-/registered-dossier/7288/7/9/3?documentUUID=54a84e6a-f754-4f3f-ba7a-916805948a2e,,.,.,
,108-38-3,m-xylene,106,developmental,367,CompTox,ECHA POC,BMCL,.,rodent,0,1,110000,3,10,10,1,300,,.,616000,.,.,.,.,,.,.,
,108-38-3,m-xylene,106,neurological,417,CompTox,ECHA POC,NOAEC,chronic,rodent,0,1,12500,3,10,1,1,30,,.,50000,.,.,.,.,,.,.,
,108-38-3,m-xylene,106,systemic,482,CompTox,ECHA IUCLID,NOAEC,.,rodent,0,1,144643,3,10,10,1,300,,.,810000,.,.,.,.,,.,.,
,108-88-3,Toluene,92,cardiovascular,2400,ATSDR Tox Profile,Gericke et al. 2001,NOAEC,chronic,human,,,,1,10,1,1,10,,.,24000,.,.,.,.,,.,.,
,108-88-3,Toluene,92,developmental,238,ToxRefDB,EPA ORD,NOAEC,.,ratmouse,0,1,71428,3,10,10,1,300,,.,400000,.,.,.,.,,.,.,
,108-88-3,Toluene,92,endocrine,2,ATSDR Tox Profile,Poon et al. 1994,LOAEC,subchronic,ratmouse,0,1,5357,3,10,10,10,3000,,.,30000,.,.,.,.,,.,.,
,108-88-3,Toluene,92,hematological,410,ATSDR Tox Profile,Yin et al. 1987,LOAEC,chronic,human,,,,1,10,1,10,100,,.,41000,.,.,.,.,,.,.,
,108-88-3,Toluene,92,hepatic,2400,ATSDR Tox Profile,Gericke et al. 2001,NOAEC,chronic,human,,,,1,10,1,1,10,,.,24000,.,.,.,.,,.,.,
,108-88-3,Toluene,92,immunological,410,ATSDR Tox Profile,Yin et al. 1987,LOAEC,chronic,human,,,,1,10,1,10,100,,.,41000,.,.,.,.,,.,.,
,108-88-3,Toluene,92,mortality,357,ECHA IUCLID,Toxicity Reproduction,NOAEC,.,rat,0,1,107136,3,10,10,1,300,2261,mg/m3,599966,F1: mortality,reproduction developmental,https://echa.europa.eu/,https://echa.europa.eu/registration-dossier/-/registered-dossier/14991/7/9/2?documentUUID=de39c08d-119d-40f4-ba1d-8b7afb8cc83e,,.,.,
,108-88-3,Toluene,92,musculoskeletal,25,ATSDR Tox Profile,Atay et al. 2005,LOAEC,subchronic,ratmouse,0,1,75000,3,10,10,10,3000,,.,300000,.,.,.,.,,.,.,
,108-88-3,Toluene,92,neurological,1000,ATSDR,ATSDR MRLs 2025,MRL,chronic,human,,,,,,,,,1,ppm,1000,,,,,,Final,,
,108-88-3,Toluene,92,ocular,111,Cal OEHHA,Cal OEHHA Export,REL,chronic,human,,,,,,,,,0,mg/m3,111,Eyes,,https://oehha.ca.gov/chemicals,https://oehha.ca.gov/chemicals/toluene,,,,
,108-88-3,Toluene,92,renal,2400,ATSDR Tox Profile,Gericke et al. 2001,NOAEC,chronic,human,,,,1,10,1,1,10,,.,24000,.,.,.,.,,.,.,
,108-88-3,Toluene,92,reproductive,2400,ATSDR Tox Profile,Gericke et al. 2001,NOAEC,chronic,human,,,,1,10,1,1,10,,.,24000,.,.,.,.,,.,.,
,108-88-3,Toluene,92,respiratory,1860,ATSDR Tox Profile,Deschamps et al. 2001,LOAEC,chronic,human,,,,1,10,1,10,100,,.,186000,.,.,.,.,,.,.,
,108-88-3,Toluene,92,systemic,179,ATSDR Tox Profile,Poon et al. 1994,NOAEC,subchronic,ratmouse,0,1,53571,3,10,10,1,300,,.,300000,.,.,.,.,,.,.,
,108-90-7,Chlorobenzene,113,developmental,350,ECHA IUCLID,Developmental Toxicity Teratogenicity,NOAEC,.,rat,0,1,104947,3,10,10,1,300,2716,mg/m3,587707,developmental,developmental,https://echa.europa.eu/,https://echa.europa.eu/registration-dossier/-/registered-dossier/21683/7/9/3?documentUUID=ea0fa307-1e05-45a3-a938-5a0e6e4e8cdb,1,.,.,
,108-90-7,Chlorobenzene,113,hematological,174,ATSDR Tox Profile,NIOSH 1977,NOAEC,subchronic,ratmouse,0,1,52083,3,10,10,1,300,,.,250000,.,.,.,.,,.,.,
,108-90-7,Chlorobenzene,113,hepatic,11,PPRTV (CPHEA),PPRTV Summary,RfCp,chronic,rat,,,,,10,,,,0,mg/m3,11,"Increased weight and hepatocellualr hypertrophy Increased weights, tubule dilation, inflammation of the interstitial cells, and regeneration of the epithelium in males",reproduction developmental,https://www.epa.gov/pprtv/basic-information-about-provisional-peer-reviewed-toxicity-values-pprtvs,https://cfpub.epa.gov/ncea/pprtv/chemicalLanding.cfm?pprtv_sub_id=1635,,.,.,
,108-90-7,Chlorobenzene,113,renal,11,PPRTV (CPHEA),PPRTV Summary,RfCp,chronic,ratmouse,,,,,10,,,,0,mg/m3,11,.,.,.,.,,.,.,
,108-90-7,Chlorobenzene,113,reproductive,217,Cal OEHHA,Cal OEHHA Export,REL,chronic,human,,,,,,,,,1,mg/m3,217,Alimentary system (liver); kidney; reproductive system,,https://oehha.ca.gov/chemicals,https://oehha.ca.gov/chemicals/chlorobenzene,,,,
,108-90-7,Chlorobenzene,113,systemic,3,ECHA POC,TSCA POC ECHA,LOAEC,.,ratmouse,0,1,8929,3,10,10,10,3000,,.,50000,.,.,.,.,,.,.,
,109-66-0,Pentane,72,systemic,3389,PPRTV (CPHEA),PPRTV Summary,RfCp,subchronic,rat,,,,,10,,,,10,mg/m3,3389,no effects,subchronic,https://www.epa.gov/pprtv/basic-information-about-provisional-peer-reviewed-toxicity-values-pprtvs,https://cfpub.epa.gov/ncea/pprtv/chemicalLanding.cfm?pprtv_sub_id=1842,,McKee et al. (1998) https://cfpub.epa.gov/ncea/pprtv/documents/Pentanen.pdf,.,
,110-54-3,n-hexane,86,hepatic,79,ATSDR Tox Profile,Bio/Dynamics 1978,NOAEC,subchronic,rodent,1,1,23625,3,10,10,1,300,,.,27000,.,.,.,.,,.,.,
,110-54-3,n-hexane,86,metabolic,76,ATSDR Tox Profile,Bio/Dynamics 1978,NOAEC,subchronic,rodent,1,1,22750,3,10,10,1,300,,.,26000,.,.,.,.,,.,.,
,110-54-3,n-hexane,86,musculoskeletal,1528,ATSDR Tox Profile,IRDC 1981,NOAEC,subchronic,rodent,1,1,458334,3,10,10,1,300,,.,500000,.,.,.,.,,.,.,
,110-54-3,n-hexane,86,neurological,199,IRIS,Huang et al. 1989,RfC,chronic,rodent,,,,,10,,,,199,ppb,199,.,.,.,.,,.,.,
,110-54-3,n-hexane,86,renal,1528,ATSDR Tox Profile,IRDC 1981,NOAEC,subchronic,rodent,1,1,458334,3,10,10,1,300,,.,500000,.,.,.,.,,.,.,
,110-54-3,n-hexane,86,reproductive,236,ATSDR Tox Profile,Litton Bionetics 1980,NOAEC,subchronic,rodent,0,1,70714,3,10,10,1,300,,.,396000,.,.,.,.,,.,.,
,110-54-3,n-hexane,86,respiratory,400,ATSDR,ATSDR MRLs 2025,MRL,subchronic,human,,,,,,,,,0,ppm,400,,,,,,Final,,
,110-54-3,n-hexane,86,systemic,368,ATSDR Tox Profile,Bio/Dynamics 1978,NOAEC,subchronic,rodent,1,1,110250,3,10,10,1,300,,.,126000,.,.,.,.,,.,.,
,110-82-7,Cyclohexane,84,developmental,1743,IRIS,DuPont HLR 1997a,RfC,chronic,rodent,,,,,10,,,,6,mg/m3,1743,Reduced pup weights in male/female rats,Toxicity Value,https://www.epa.gov/iris,https://iris.epa.gov/ChemicalLanding/&substance_nmbr=1005,,.,.,
,110-82-7,Cyclohexane,84,neurological,298,ECHA IUCLID,Neurotoxicity,NOAEC,.,rat,0,1,89286,3,10,10,1,300,1721,mg/m3,500002,Neurotoxicity,repeat dose other,https://echa.europa.eu/,https://echa.europa.eu/en/registration-dossier/-/registered-dossier/30824?documentUUID=4a75e0a9-3559-4d15-b883-910549903226,1,.,.,
,111-65-9,n-octane,114,reproductive,404,CompTox,ECHA IUCLID,LOAEC,.,rodent,0,1,1210862,3,10,10,10,3000,,.,6780846,.,.,.,.,,.,.,
1,115-07-1,1-Propene,42,immunological,8333,EPA HPVIS,HPVIS Mammalian Repeat Dose,LOAEC,chronic,rat,0,1,2500008,3,10,1,10,300,17211,mg/m3,10000033,"nasal cavity toxicity/increased incidences of nonneoplastic lesions in nasal cavity/epithelial hyperplasia/squamous metaplasia/inflammatory changes: influx of lymphocytes, macrophages, and granulocytes into the submucosa and by granulocytes into the lumen",chronic,.,.,1,from Quest et al ref,"Quest et al. (1984). Toxicol Appl Pharmacol 76, 288-295. https://doi.org/10.1016/0041-008X(84)90010-3",
,115-07-1,1-Propene,42,respiratory,1742,Cal OEHHA,Cal OEHHA Export,REL,chronic,human,,,,,,,,,3,mg/m3,1742,Respiratory system,,https://oehha.ca.gov/chemicals,https://oehha.ca.gov/chemicals/propylene,,,,
,120-82-1,"1,2,4-Trichlorobenzene",181,hematological,0,PPRTV (CPHEA),PPRTV Summary,RfCp,chronic,rat,,,,,10,,,,0,mg/m3,0,coproporphyrin and uroporphyrin excretion,subchronic,https://www.epa.gov/pprtv/basic-information-about-provisional-peer-reviewed-toxicity-values-pprtvs,https://cfpub.epa.gov/ncea/pprtv/chemicalLanding.cfm?pprtv_sub_id=1930,,DAF=1 https://cfpub.epa.gov/ncea/pprtv/documents/Trichlorobenzene124.pdf,.,
,120-82-1,"1,2,4-Trichlorobenzene",181,hepatic,21,"Health Canada, ATSDR Tox Profile (added ref from oldmetdb)",Kociba et al. 1981,NOAEC,subchronic,rat,0,1,6260,3,10,10,1,300,223,mg/m3,30050,increased liver weight and relative kidney weight,subchronic,https://publications.gc.ca/site/eng/9.694269/publication.html,.,1,.,.,
,120-82-1,"1,2,4-Trichlorobenzene",181,renal,0,PPRTV (CPHEA),PPRTV Summary,RfCp,chronic,rat,,,,,10,,,,0,mg/m3,0,coproporphyrin and uroporphyrin excretion,subchronic,https://www.epa.gov/pprtv/basic-information-about-provisional-peer-reviewed-toxicity-values-pprtvs,https://cfpub.epa.gov/ncea/pprtv/chemicalLanding.cfm?pprtv_sub_id=1930,,.,.,
,123-91-1,"1,4-Dioxane",88,cardiovascular,833,Cal OEHHA,Cal OEHHA Export,REL,chronic,human,,,,,,,,,3,mg/m3,833,Alimentary system; kidney; cardiovascular system,,https://oehha.ca.gov/chemicals,https://oehha.ca.gov/chemicals/14-dioxane,,,,
,123-91-1,"1,4-Dioxane",88,hematological,1488,ATSDR Tox Profile,Kasai et al. 2009,NOAEC,chronic,ratmouse,0,1,44643,3,10,1,1,30,,.,250000,.,.,.,.,,.,.,
,123-91-1,"1,4-Dioxane",88,hepatic,833,Cal OEHHA,Cal OEHHA Export,REL,chronic,human,,,,,,,,,3,mg/m3,833,Alimentary system; kidney; cardiovascular system,,https://oehha.ca.gov/chemicals,https://oehha.ca.gov/chemicals/14-dioxane,,,,
,123-91-1,"1,4-Dioxane",88,neurological,8,IRIS,Kasai et al. 2009,RfC,chronic,ratmouse,,,,,10,,,,,.,8,.,.,.,.,,.,.,
,123-91-1,"1,4-Dioxane",88,renal,298,ATSDR Tox Profile,Kasai et al. 2009,NOAEC,chronic,ratmouse,0,1,8929,3,10,1,1,30,,.,50000,.,.,.,.,,.,.,
,123-91-1,"1,4-Dioxane",88,respiratory,8,IRIS,Kasai et al. 2009,RfC,chronic,rodent,,,,,10,,,,0,mg/m3,8,Atrophy and respiratory metaplasia of the olfactory epithelium in male rats,Toxicity Value,https://www.epa.gov/iris,https://iris.epa.gov/ChemicalLanding/&substance_nmbr=326,,.,.,
1,124-48-1,Chlorodibromomethane,208,hepatic,1,Structural Analog,75-27-4 (bromodichloromethane),LOAEC,subchronic,mouse,0,1,1966,3,10,10,10,3000,67,mg/m3,7865,"see 75-27-4 (bromodichloromethane), similarity score=1, neighbors by: AIM, filter by: ToxCast data",,,,,,,
1,124-48-1,Chlorodibromomethane,208,renal,2,Structural Analog,75-27-4 (bromodichloromethane),RfCp,subchronic,mouse,,,,,10,,,,0,mg/m3,2,"see 75-27-4 (bromodichloromethane), similarity score=1, neighbors by: AIM, filter by: ToxCast data",,,,,,,
,126-99-8,Chloroprene,89,developmental,15,ECHA IUCLID,Developmental Toxicity Teratogenicity,NOAEC,.,rat,0,1,4464,3,10,10,1,300,91,mg/m3,25000,developmental,developmental,https://echa.europa.eu/,https://echa.europa.eu/registration-dossier/-/registered-dossier/15226/7/9/3?documentUUID=0600d1d3-1da0-4ed5-9d83-e4cc341301b8,1,.,.,
,126-99-8,Chloroprene,89,immunological,6,IRIS,IRIS Summary,RfC,chronic,human,,,,,,,,,0,mg/m3,6,"Increase in incidence of olfactory atrophy, alveolar hyperplasia, and splenic hematopoietic proliferation, female F344/N rats, and female B6C3F1 mice, respectively in male/female mice/rats",Toxicity Value,https://www.epa.gov/iris,https://iris.epa.gov/ChemicalLanding/&substance_nmbr=1021,,DAF=1 https://iris.epa.gov/static/pdfs/1021tr.pdf,.,
,126-99-8,Chloroprene,89,neurological,6,IRIS,.,RfC,chronic,human,,,,,,,,,,.,6,.,.,.,.,,.,.,
,126-99-8,Chloroprene,89,reproductive,15,ECHA IUCLID,Toxicity Reproduction,NOAEC,.,rat,0,1,4466,3,10,10,1,300,91,mg/m3,25009,reproduction developmental,reproduction developmental,https://echa.europa.eu/,https://echa.europa.eu/registration-dossier/-/registered-dossier/15226/7/9/2?documentUUID=0600d1d3-1da0-4ed5-9d83-e4cc341301b8,1,.,.,
,126-99-8,Chloroprene,89,respiratory,6,IRIS,IRIS Summary,RfC,chronic,human,,,,,,,,,0,mg/m3,6,"Increase in incidence of olfactory atrophy, alveolar hyperplasia, and splenic hematopoietic proliferation, female F344/N rats, and female B6C3F1 mice, respectively in male/female mice/rats",Toxicity Value,https://www.epa.gov/iris,https://iris.epa.gov/ChemicalLanding/&substance_nmbr=1021,,.,.,
,127-18-4,Tetrachloroethylene,166,developmental,149,ECHA IUCLID,Developmental Toxicity Teratogenicity,NOAEC,.,rat,0,1,44643,3,10,10,1,300,1696,mg/m3,250001,fetus: fetal/pup body weight changes,developmental,https://echa.europa.eu/,https://echa.europa.eu/registration-dossier/-/registered-dossier/14303/7/9/3?documentUUID=4e5f8b6f-0e5f-41d1-89c1-1117b1a2c99d,,.,.,
,127-18-4,Tetrachloroethylene,166,hepatic,5,Cal OEHHA,Cal OEHHA Export,REL,chronic,human,,,,,,,,,0,mg/m3,5,Kidney; alimentary system (liver),,https://oehha.ca.gov/chemicals,https://oehha.ca.gov/chemicals/tetrachloroethylene,,,,
,127-18-4,Tetrachloroethylene,166,neurological,6,IRIS,Echeverria et al. 1995; Cavalleri et al. 1994,RfC,chronic,human,,,,,,,,,0,mg/m3,6,"neurotoxicity (color vision) in occupationally-exposed adults|neurotoxicity (reaction time, cognitive effects) in occupationally-exposed adults",Toxicity Value,https://www.epa.gov/iris,https://iris.epa.gov/ChemicalLanding/&substance_nmbr=106,,.,.,
,127-18-4,Tetrachloroethylene,166,ocular,6,IRIS,Echeverria et al. 1995; Cavalleri et al. 1994,RfC,chronic,human,,,,,,,,,,.,6,.,.,.,.,,.,.,
,127-18-4,Tetrachloroethylene,166,renal,1,ATSDR Tox Profile,Franchini et al. 1983,LOAEC,chronic,human,,,,1,10,1,10,100,,.,50,.,.,.,.,,.,.,
,127-18-4,Tetrachloroethylene,166,reproductive,60,ECHA IUCLID,Toxicity Reproduction,NOAEC,.,rat,0,1,17857,3,10,10,1,300,678,mg/m3,100001,reproduction developmental,reproduction developmental,https://echa.europa.eu/,https://echa.europa.eu/registration-dossier/-/registered-dossier/14303/7/9/2?documentUUID=4e5f8b6f-0e5f-41d1-89c1-1117b1a2c99d,1,.,.,
,127-18-4,Tetrachloroethylene,166,respiratory,60,Health Canada,.,LOAEC,chronic,rat,0,1,17852,3,10,1,10,300,678,mg/m3,99970,"nephrotoxic, hepatotoxic, lung congestion, mononuclear cell leukemia",chronic,https://publications.gc.ca/site/eng/9.694269/publication.html,.,,.,.,
,127-18-4,Tetrachloroethylene,166,systemic,298,ATSDR Tox Profile,JISA 1993,NOAEC,chronic,ratmouse,0,1,8929,3,10,1,1,30,,.,50000,.,.,.,.,,.,.,
,1330-20-7,Xylenes,106,cardiovascular,46,ATSDR Tox Profile,Jenkins et al. 1970,NOAEC,subchronic,ratmouse,0,1,13929,3,10,10,1,300,,.,78000,.,.,.,.,,.,.,
,1330-20-7,Xylenes,106,developmental,528,ECHA IUCLID,Developmental Toxicity Teratogenicity,BMCL,.,rat,0,1,158393,3,10,10,1,300,3852,mg/m3,887003,reproduction developmental,reproduction developmental,https://echa.europa.eu/,https://echa.europa.eu/en/registration-dossier/-/registered-dossier/30824?documentUUID=4a75e0a9-3559-4d15-b883-910549903226,1,.,.,
,1330-20-7,Xylenes,106,gastrointestinal,140,ATSDR Tox Profile,Uchida et al. 1993,LOAEC,chronic,human,,,,1,10,1,10,100,,.,14000,.,.,.,.,,.,.,
,1330-20-7,Xylenes,106,hematological,1400,ATSDR Tox Profile,Uchida et al. 1993,NOAEC,chronic,human,,,,1,10,1,1,10,,.,14000,.,.,.,.,,.,.,
,1330-20-7,Xylenes,106,hepatic,1400,ATSDR Tox Profile,Uchida et al. 1993,NOAEC,chronic,human,,,,1,10,1,1,10,,.,14000,.,.,.,.,,.,.,
,1330-20-7,Xylenes,106,neurological,23,IRIS,IRIS Summary,RfC,chronic,human,,,,,,,,,0,mg/m3,23,Impaired motor coordination (decreased rotarod performance) in male rats,Toxicity Value,https://www.epa.gov/iris,https://iris.epa.gov/ChemicalLanding/&substance_nmbr=270,,.,.,
,1330-20-7,Xylenes,106,ocular,140,ATSDR Tox Profile,Uchida et al. 1993,LOAEC,chronic,human,,,,1,10,1,10,100,,.,14000,.,.,.,.,,.,.,
,1330-20-7,Xylenes,106,reproductive,3,Health Canada,.,LOAEC,subchronic,rat,0,1,10281,3,10,10,10,3000,250,mg/m3,57574,"maternal effects, fetal retardation, increased proportion of fetal mortality and resorbed fetuses",developmental,https://publications.gc.ca/site/eng/9.694269/publication.html,.,,.,.,
,1330-20-7,Xylenes,106,respiratory,140,ATSDR Tox Profile,Uchida et al. 1993,LOAEC,chronic,human,,,,1,10,1,10,100,,.,14000,.,.,.,.,,.,.,
,1330-20-7,Xylenes,106,systemic,55,ATSDR Tox Profile,Jajte et al. 2003,NOAEC,subchronic,ratmouse,0,1,16429,3,10,10,1,300,,.,92000,.,.,.,.,,.,.,
1,141-93-5,"1,3-Diethylbenzene",134,aural,1639,Structural Analog,100-41-4 (ethylbenzene),RfCp,subchronic,human,,,,,,,,,9,mg/m3,1639,"see 100-41-4 (ethylbenzene), , similarity score=1, neighbors by: AIM, filter by: ToxCast data",,,,,,,
1,141-93-5,"1,3-Diethylbenzene",134,developmental,182,Structural Analog,100-41-4 (ethylbenzene),RfC,chronic,human,,,,,,,,,1,mg/m3,182,"see 100-41-4 (ethylbenzene), , similarity score=1, neighbors by: AIM, filter by: ToxCast data",,,,,,,
1,141-93-5,"1,3-Diethylbenzene",134,endocrine,625,Structural Analog,100-41-4 (ethylbenzene),NOAEC,chronic,ratmouse,0,1,18750,3,10,1,1,30,,.,75000,"see 100-41-4 (ethylbenzene), , similarity score=1, neighbors by: AIM, filter by: ToxCast data",,,,,,,
1,141-93-5,"1,3-Diethylbenzene",134,hepatic,66,Structural Analog,100-41-4 (ethylbenzene),NOAEC,subchronic,rat,0,1,19764,3,10,10,1,300,434,mg/m3,79058,"see 100-41-4 (ethylbenzene), , similarity score=1, neighbors by: AIM, filter by: ToxCast data",,,,,,,
1,141-93-5,"1,3-Diethylbenzene",134,immunological,55,Structural Analog,100-41-4 (ethylbenzene),NOAEC,subchronic,rat,0,1,16470,3,10,10,1,300,434,mg/m3,79058,"see 100-41-4 (ethylbenzene), , similarity score=1, neighbors by: AIM, filter by: ToxCast data",,,,,,,
1,141-93-5,"1,3-Diethylbenzene",134,musculoskeletal,47,Structural Analog,100-41-4 (ethylbenzene),NOAEC,subchronic,rat,0,1,14117,3,10,10,1,300,434,mg/m3,79058,"see 100-41-4 (ethylbenzene), , similarity score=1, neighbors by: AIM, filter by: ToxCast data",,,,,,,
1,141-93-5,"1,3-Diethylbenzene",134,neurological,2000,Structural Analog,100-41-4 (ethylbenzene),MRL,subchronic,human,,,,,,,,,2,ppm,2000,"see 100-41-4 (ethylbenzene), , similarity score=1, neighbors by: AIM, filter by: ToxCast data",,,,,,,
1,141-93-5,"1,3-Diethylbenzene",134,renal,60,Structural Analog,100-41-4 (ethylbenzene),MRL,chronic,human,,,,,,,,,0,ppm,60,"see 100-41-4 (ethylbenzene), , similarity score=1, neighbors by: AIM, filter by: ToxCast data",,,,,,,
1,141-93-5,"1,3-Diethylbenzene",134,reproductive,47,Structural Analog,100-41-4 (ethylbenzene),NOAEC,.,rat,0,1,14124,3,10,10,1,300,434,mg/m3,79096,"see 100-41-4 (ethylbenzene), , similarity score=1, neighbors by: AIM, filter by: ToxCast data",,,,,,,
1,141-93-5,"1,3-Diethylbenzene",134,systemic,2083,Structural Analog,100-41-4 (ethylbenzene),NOAEC,chronic,ratmouse,0,1,62500,3,10,1,1,30,,.,250000,"see 100-41-4 (ethylbenzene), , similarity score=1, neighbors by: AIM, filter by: ToxCast data",,,,,,,
,156-59-2,"(Z)-1,2-Dichloroethylene",97,immunological,101,PPRTV (CPHEA),PPRTV Summary,RfCp,subchronic,rat,,,,,10,,,,0,mg/m3,101,Decreased lymphocyte counts,repeat dose other,https://www.epa.gov/pprtv/basic-information-about-provisional-peer-reviewed-toxicity-values-pprtvs,https://cfpub.epa.gov/ncea/pprtv/chemicalLanding.cfm?pprtv_sub_id=1684,,"analog approach used,  156-60-5 selected as analog",.,
,156-60-5,"(E)-1,2-Dichloroethylene",97,developmental,3571,ECHA IUCLID,Developmental Toxicity Teratogenicity,NOAEC,.,rat,0,1,1071432,3,10,10,1,300,23789,mg/m3,6000036,developmental,developmental,https://echa.europa.eu/,https://echa.europa.eu/registration-dossier/-/registered-dossier/16486/7/9/3?documentUUID=412acab3-b1b1-4929-a2c6-1ca40d5a6c50,1,https://chem.echa.europa.eu/100.005.329/dossier-view/224fd64e-659e-4762-9da8-5c3b43626eae/IUC5-c3ba04ba-3eb5-4107-a3e9-b140542e7eaf_f9e6d864-c6cc-4253-bdc2-13c09250e96b?searchText=156-60-5,.,
,156-60-5,"(E)-1,2-Dichloroethylene",97,hepatic,153,ATSDR MRLs,.,BMCL,subchronic,rat,0,1,45798,3,10,10,1,300,1017,mg/m3,256470,hepatic,developmental,https://www.atsdr.cdc.gov/ToxProfiles/tp87.pdf,.,,.,.,
,156-60-5,"(E)-1,2-Dichloroethylene",97,immunological,101,PPRTV (CPHEA),PPRTV Summary,RfCp,subchronic,rat,,,,,10,,,,0,mg/m3,101,Decreased lymphocyte counts,subchronic,https://www.epa.gov/pprtv/basic-information-about-provisional-peer-reviewed-toxicity-values-pprtvs,https://cfpub.epa.gov/ncea/pprtv/chemicalLanding.cfm?pprtv_sub_id=1685,,.,.,
,1634-04-4,methyl tert-butyl ether,88,developmental,149,CompTox,ECHA IUCLID,NOAEC,.,rodent,0,1,44643,3,10,10,1,300,,.,250000,.,.,.,.,,.,.,
,1634-04-4,methyl tert-butyl ether,88,endocrine,238,ATSDR Tox Profile,Bird et al. 1997,NOAEC,subchronic,rodent,0,1,71428,3,10,10,1,300,,.,400000,.,.,.,.,,.,.,
,1634-04-4,methyl tert-butyl ether,88,hepatic,832,IRIS,Chun et al. 1992,RfC,chronic,rodent,,,,,10,,,,3,mg/m3,832,.,.,.,.,,.,.,
,1634-04-4,methyl tert-butyl ether,88,musculoskeletal,238,ATSDR Tox Profile,Bird et al. 1997,LOAEC,chronic,rodent,0,1,71428,3,10,1,10,300,,.,400000,.,.,.,.,,.,.,
,1634-04-4,methyl tert-butyl ether,88,neurological,1000,ATSDR,ATSDR MRLs 2025,MRL,subchronic,human,,,,,,,,,1,ppm,1000,,,,,,Final,,
,1634-04-4,methyl tert-butyl ether,88,ocular,832,IRIS,Chun et al. 1992,RfC,chronic,rodent,,,,,10,,,,832,ppb,832,.,.,.,.,,.,.,
,1634-04-4,methyl tert-butyl ether,88,renal,1000,ATSDR,ATSDR MRLs 2025,MRL,chronic,human,,,,,,,,,1,ppm,1000,,,,,,Final,,
,1634-04-4,methyl tert-butyl ether,88,respiratory,238,CompTox,ECHA IUCLID,NOAEC,.,rodent,0,1,71428,3,10,10,1,300,,.,400000,.,.,.,.,,.,.,
,1634-04-4,methyl tert-butyl ether,88,systemic,595,ATSDR Tox Profile,Greenough et al. 1980,NOAEC,subchronic,rodent,0,1,178571,3,10,10,1,300,,.,1000000,.,.,.,.,,.,.,
,50-00-0,Formaldehyde,30,dermal,4,ATSDR Tox Profile,Holness and Nethercott 1989,LOAEC,chronic,human,,,,1,10,1,10,100,,.,360,.,.,.,.,,.,.,
,50-00-0,Formaldehyde,30,developmental,8,IRIS,Taskinen et al. 1999,RfCc,chronic,rodent,,,,,10,,,,8,ppb,8,developmental,developmental,https://echa.europa.eu/,https://echa.europa.eu/registration-dossier/-/registered-dossier/23039/7/9/3?documentUUID=7d2fc287-88f7-49b3-87a2-258c60a3d6ca,1,.,.,
,50-00-0,Formaldehyde,30,hematological,9,ATSDR Tox Profile,Dean et al. 1984,NOAEC,subchronic,ratmouse,0,1,2679,3,10,10,1,300,,.,15000,.,.,.,.,,.,.,
,50-00-0,Formaldehyde,30,hepatic,6,ATSDR Tox Profile,Wouterson et al. 1987,NOAEC,subchronic,ratmouse,0,1,1786,3,10,10,1,300,,.,10000,.,.,.,.,,.,.,
,50-00-0,Formaldehyde,30,immunological,0,ECHA IUCLID,Immunotoxicity,LOAEC,subchronic,mouse,0,1,36,3,10,10,10,3000,0,mg/m3,200,immune system,subchronic,https://echa.europa.eu/,https://echa.europa.eu/registration-dossier/-/registered-dossier/23039/7/10/2?documentUUID=7d2fc287-88f7-49b3-87a2-258c60a3d6ca,,.,.,
,50-00-0,Formaldehyde,30,neurological,4,ECHA IUCLID,Neurotoxicity,NOAEC,.,rat,0,1,1071,3,10,10,1,300,7,mg/m3,6000,neurons,repeat dose other,https://echa.europa.eu/,https://echa.europa.eu/registration-dossier/-/registered-dossier/23039/7/10/1?documentUUID=7d2fc287-88f7-49b3-87a2-258c60a3d6ca,,.,.,
,50-00-0,Formaldehyde,30,ocular,4,ATSDR Tox Profile,Holness and Nethercott 1989,LOAEC,chronic,human,,,,1,10,1,10,100,,.,360,.,.,.,.,,.,.,
,50-00-0,Formaldehyde,30,renal,1,ATSDR Tox Profile,Appelman et al. 1988,NOAEC,subchronic,ratmouse,0,1,179,3,10,10,1,300,,.,1000,.,.,.,.,,.,.,
,50-00-0,Formaldehyde,30,reproductive,5,IRIS,Ozen et al. 2002,RfCc,chronic,human,,,,,,,,,5,ppb,5,maternal: body weight and weight gain|maternal: food consumption and compound intake,reproduction developmental,https://echa.europa.eu/,https://echa.europa.eu/registration-dossier/-/registered-dossier/23039/7/9/3?documentUUID=7d2fc287-88f7-49b3-87a2-258c60a3d6ca,,.,.,
,50-00-0,Formaldehyde,30,respiratory,6,IRIS,"Kryzanowski et al. 1983, Venn et al. 2003, Annesi-Maesano et al. 2012, Hanrahan et al. 1984",RfC,chronic,human,,,,,,,,,,.,6,.,.,.,.,,.,.,
,50-00-0,Formaldehyde,30,systemic,6,ATSDR Tox Profile,Wouterson et al. 1989,NOAEC,chronic,ratmouse,0,1,179,3,10,1,1,30,,.,1000,.,.,.,.,,.,.,
,526-73-8,"1,2,3-Trimethylbenzene",120,hematological,12,IRIS,.,RfC,chronic,human,,,,,,,,,,.,12,.,.,.,.,,.,.,
,526-73-8,"1,2,3-Trimethylbenzene",120,neurological,12,IRIS,IRIS Summary,RfC,chronic,human,,,,,,,,,0,mg/m3,12,reduced pain sensitivity in male wistar rats,Toxicity Value,https://www.epa.gov/iris,https://iris.epa.gov/ChemicalLanding/&substance_nmbr=1039,,.,.,
,526-73-8,"1,2,3-Trimethylbenzene",120,respiratory,41,IRIS,.,RfC,chronic,human,,,,,,,,,,.,41,.,.,.,.,,.,.,
,540-84-1,"2,2,4-trimethylpentane",114,reproductive,404,CompTox,ECHA IUCLID,LOAEC,.,rodent,0,1,1210862,3,10,10,10,3000,,.,6780846,.,.,.,.,,.,.,
1,541-73-1,"1,3-Dichlorobenzene",147,systemic,33,Alaska DEC,Alaska DEC,RfC,.,human,,,,,,,,,0,mg/m3,33,"whole body, decreased weight gain",Toxicity Value,https://dec.alaska.gov/spar/csp/,.,1,"Structural analog, uses tox data from 1,2-dichlorobenzene as surrogate, tox value for 1,2-dichlorobenzene is from EPAs Health Effects Assessment Summary Tables",.,
,542-75-6,"1,3-Dichloropropene",111,respiratory,4,IRIS,IRIS Summary,RfC,chronic,human,,,,,,,,,0,mg/m3,4,Hypertrophy/ hyperplasia of the nasal respiratory epithelium in male/female mice,Toxicity Value,https://www.epa.gov/iris,https://iris.epa.gov/ChemicalLanding/&substance_nmbr=224,,DAF = 0.198 https://iris.epa.gov/static/pdfs/0224tr.pdf,.,
 ,56-23-5,Carbon tetrachloride,154,developmental,6,Cal OEHHA,Cal OEHHA Export,REL,chronic,human,,,,,,,,,0,mg/m3,6,"Alimentary system (liver), development, nervous system",,https://oehha.ca.gov/chemicals,https://oehha.ca.gov/chemicals/carbon-tetrachloride,,,,
 ,56-23-5,Carbon tetrachloride,154,hepatic,16,IRIS,IRIS Summary,RfC,chronic,human,,,,,,,,,0,mg/m3,16,Fatty changes in male/female rats,,https://www.epa.gov/iris,https://iris.epa.gov/ChemicalLanding/&substance_nmbr=20,,,,
 ,56-23-5,Carbon tetrachloride,154,neurological,6,Cal OEHHA,Cal OEHHA Export,REL,chronic,human,,,,,,,,,0,mg/m3,6,"Alimentary system (liver), development, nervous system",,https://oehha.ca.gov/chemicals,https://oehha.ca.gov/chemicals/carbon-tetrachloride,,,,
 ,56-23-5,Carbon tetrachloride,154,systemic,46,ECHA,.,DNEL,chronic,human,,,,,,,,,0,mg/m3,46,systemic,,https://chem.echa.europa.eu/100.000.239/dossier-view/22e8bf30-90e0-44a3-bb5b-f753a82cdf34/101e3747-22bd-4e2f-ba1a-ea9d1f17d395_1f0d9c24-63d5-4e2d-b692-eeb4f6705c43?searchText=56-23-5,-, ,,,
1,590-18-1,cis-2-Butene,56,systemic,5953,DOD MEG,TLV,TLV (adjusted),chronic,human,,,,,,,,,6,ppm,5953,bodyweight effects,Media Exposure Guidelines,https://ph.health.mil/topics/envirohealth/hrasm/Pages/TG230.aspx,.,1,"original entry was a DOD MEG for long-term negligible air from, 140 mg/m3,  https://ph.health.mil/PHC%20Resource%20Library/TG230-DeploymentEHRA-and-MEGs-2013-Revision.pdf , it is an adjusted TLV, TLV is for butenes-all isomers. Reverted back to original ACGIH TLV = 250ppm, applied adjustment for continuous exposure (0.2381= (8/24)*(5/7)), and UF=10 for intraspecies, occupational to general population",U.S. Army Public Health Command (2013) TG 230 Military Exposure Guidelines Table. Army Public Health Center.,
,591-78-6,2-Hexanone,100,developmental,83,ATSDR Tox Profile,Peters et al. 1981,LOAEC,subchronic,ratmouse,0,1,250000,3,10,10,10,3000,,.,1000000,.,.,.,.,,.,.,
,591-78-6,2-Hexanone,100,hematological,1964,ATSDR Tox Profile,Krasavage and O'Donohuge 1977,NOAEC,chronic,ratmouse,0,1,58928,3,10,1,1,30,,.,330000,.,.,.,.,,.,.,
,591-78-6,2-Hexanone,100,musculoskeletal,1964,ATSDR Tox Profile,Krasavage and O'Donohuge 1977,NOAEC,chronic,ratmouse,0,1,58928,3,10,1,1,30,,.,330000,.,.,.,.,,.,.,
,591-78-6,2-Hexanone,100,neurological,7,IRIS,IRIS Summary,RfC,chronic,human,,,,,,,,,0,mg/m3,7,Motor conduction velocity of the sciatic-tibial nerve in male monkeys,Toxicity Value,https://www.epa.gov/iris,https://iris.epa.gov/ChemicalLanding/&substance_nmbr=1019,,DAF = 1 https://iris.epa.gov/static/pdfs/1019tr.pdf,.,
,591-78-6,2-Hexanone,100,reproductive,1964,ATSDR Tox Profile,Krasavage and O'Donohuge 1977,NOAEC,chronic,ratmouse,0,1,58928,3,10,1,1,30,,.,330000,.,.,.,.,,.,.,
,591-78-6,2-Hexanone,100,systemic,60,ATSDR Tox Profile,Johnson et al. 1977,NOAEC,subchronic,ratmouse,0,1,17857,3,10,10,1,300,,.,100000,.,.,.,.,,.,.,
1,624-64-6,(2E)-2-Butene,56,systemic,5953,DOD MEG,TLV,TLV (adjusted),chronic,human,,,,,,,,,6,ppm,5953,body weight effects,Media Exposure Guidelines,https://ph.health.mil/topics/envirohealth/hrasm/Pages/TG230.aspx,.,1,"original entry was a DOD MEG for long-term negligible air from, 140 mg/m3,  https://ph.health.mil/PHC%20Resource%20Library/TG230-DeploymentEHRA-and-MEGs-2013-Revision.pdf , it is an adjusted TLV, TLV is for butenes-all isomers. Reverted back to original ACGIH TLV = 250ppm, applied adjustment for continuous exposure (0.2381= (8/24)*(5/7)), and UF=10 for intraspecies, occupational to general population",U.S. Army Public Health Command (2013) TG 230 Military Exposure Guidelines Table. Army Public Health Center.,
,64-17-5,Ethanol,46,developmental,9524,EPA HPVIS,HPVIS Mammalian Devtox,NOAEC,subchronic,rat,0,1,2857155,3,10,10,1,300,30148,mg/m3,16000105,reproduction developmental,reproduction developmental,.,.,1,.,.,
,67-66-3,Chloroform,119,developmental,61,Cal OEHHA,Cal OEHHA Export,REL,chronic,human,,,,,,,,,0,mg/m3,61,Alimentary system; kidney; development,,https://oehha.ca.gov/chemicals,https://oehha.ca.gov/chemicals/chloroform,,,,
,67-66-3,Chloroform,119,gastrointestinal,220,ATSDR Tox Profile,Challen et al. 1958,LOAEC,chronic,human,,,,1,10,1,10,100,,.,22000,.,.,.,.,,.,.,
,67-66-3,Chloroform,119,hepatic,61,Cal OEHHA,Cal OEHHA Export,REL,chronic,human,,,,,,,,,0,mg/m3,61,Alimentary system; kidney; development,,https://oehha.ca.gov/chemicals,https://oehha.ca.gov/chemicals/chloroform,,,,
,67-66-3,Chloroform,119,immunological,20,ATSDR Tox Profile,Bomski et al. 1967,LOAEC,chronic,human,,,,1,10,1,10,100,,.,2000,.,.,.,.,,.,.,
,67-66-3,Chloroform,119,neurological,135,ATSDR Tox Profile,Li et al. 1993,LOAEC,chronic,human,,,,1,10,1,10,100,,.,13500,.,.,.,.,,.,.,
,67-66-3,Chloroform,119,renal,61,Cal OEHHA,Cal OEHHA Export,REL,chronic,human,,,,,,,,,0,mg/m3,61,Alimentary system; kidney; development,,https://oehha.ca.gov/chemicals,https://oehha.ca.gov/chemicals/chloroform,,,,
,67-66-3,Chloroform,119,reproductive,2,ATSDR Tox Profile,Torkelson et al. 1976,NOAEC,subchronic,ratmouse,0,0,615,3,10,10,1,300,,.,25000,.,.,.,.,,.,.,
,67-66-3,Chloroform,119,respiratory,0,ATSDR,ATSDR MRLs 2025,MRL,chronic,human,,,,,,,,,0,ppm,0,,,,,,"Final, DAF = 0.118 https://www.atsdr.cdc.gov/ToxProfiles/tp6.pdf",,
,67-66-3,Chloroform,119,systemic,0,ECHA IUCLID,EU REACH,NOAEC,.,ratmouse,0,0,108,3,10,10,1,300,,.,5120,.,.,.,.,,.,.,
,71-43-2,Benzene,78,developmental,6,EPA HPVIS,HPVIS Mammalian Devtox,NOAEC,subchronic,mouse,0,1,1786,3,10,10,1,300,32,mg/m3,10000,reproduction developmental,reproduction developmental,.,.,1,.,.,
,71-43-2,Benzene,78,hematological,1,Cal OEHHA,Cal OEHHA Export,REL,chronic,human,,,,,,,,,0,mg/m3,1,Hematologic system,,https://oehha.ca.gov/chemicals,https://oehha.ca.gov/chemicals/benzene,,,,
,71-43-2,Benzene,78,immunological,2,ATSDR,ATSDR MRLs 2025,MRL,chronic,human,,,,,,,,,0,ppm,2,,,,,,Draft,,
,71-43-2,Benzene,78,ocular,330,ATSDR Tox Profile,Yin et al. 1987b,LOAEC,chronic,human,,,,1,10,1,10,100,,.,33000,.,.,.,.,,.,.,
,71-43-2,Benzene,78,renal,3300,ATSDR Tox Profile,Yin et al. 1987b,NOAEC,chronic,human,,,,1,10,1,1,10,,.,33000,.,.,.,.,,.,.,
,71-43-2,Benzene,78,reproductive,18,EPA HPVIS,EPA OPPT,NOAEC,.,ratmouse,0,1,5357,3,10,10,1,300,,.,30000,.,.,.,.,,.,.,
,71-43-2,Benzene,78,respiratory,330,ATSDR Tox Profile,Yin et al. 1987b,LOAEC,chronic,human,,,,1,10,1,10,100,,.,33000,.,.,.,.,,.,.,
,71-55-6,"1,1,1-Trichloroethane",133,developmental,175,ATSDR Tox Profile,York et al. 1982,LOAEC,subchronic,ratmouse,0,1,525000,3,10,10,10,3000,,.,2100000,.,.,.,.,,.,.,
,71-55-6,"1,1,1-Trichloroethane",133,hepatic,916,IRIS,IRIS Summary,RfC,chronic,human,,,,,,,,,5,mg/m3,916,Liver histopathologic changes in male/female rats,Toxicity Value,https://www.epa.gov/iris,https://iris.epa.gov/ChemicalLanding/&substance_nmbr=197,,DAF=1 https://iris.epa.gov/static/pdfs/0197tr.pdf,.,
,71-55-6,"1,1,1-Trichloroethane",133,neurological,183,Cal OEHHA,Cal OEHHA Export,REL,chronic,human,,,,,,,,,1,mg/m3,183,Nervous system,,https://oehha.ca.gov/chemicals,https://oehha.ca.gov/chemicals/111-trichloroethane,,,,
,71-55-6,"1,1,1-Trichloroethane",133,renal,15000,ATSDR Tox Profile,Kramer et al. 1978,NOAEC,chronic,human,,,,1,10,1,1,10,,.,150000,.,.,.,.,,.,.,
,71-55-6,"1,1,1-Trichloroethane",133,reproductive,347,ATSDR Tox Profile,Torkelson et al. 1958,NOAEC,subchronic,ratmouse,0,1,104167,3,10,10,1,300,,.,500000,.,.,.,.,,.,.,
,71-55-6,"1,1,1-Trichloroethane",133,respiratory,1267,ATSDR Tox Profile,Prendergast et al. 1967,NOAEC,subchronic,ratmouse,1,1,380000,3,10,10,1,300,,.,380000,.,.,.,.,,.,.,
,71-55-6,"1,1,1-Trichloroethane",133,systemic,1267,ATSDR Tox Profile,Prendergast et al. 1967,NOAEC,subchronic,ratmouse,1,1,380000,3,10,10,1,300,,.,380000,.,.,.,.,,.,.,
,74-87-3,Chloromethane,50,cardiovascular,304,ATSDR Tox Profile,CIIT 1981,NOAEC,chronic,ratmouse,0,1,9107,3,10,1,1,30,,.,51000,.,.,.,.,,.,.,
,74-87-3,Chloromethane,50,developmental,60,ECHA IUCLID,Developmental Toxicity Teratogenicity,NOAEC,.,mouse,0,1,17900,3,10,10,1,300,207,mg/m3,100241,developmental,developmental,https://echa.europa.eu/,https://echa.europa.eu/registration-dossier/-/registered-dossier/7636/7/9/3?documentUUID=c40ae137-24c7-4f09-b0fa-2f3fe62e602f,1,.,.,
,74-87-3,Chloromethane,50,hematological,133,ATSDR Tox Profile,CIIT 1981,NOAEC,subchronic,ratmouse,0,1,40000,3,10,10,1,300,,.,224000,.,.,.,.,,.,.,
,74-87-3,Chloromethane,51,hepatic,133,ATSDR Tox Profile,CIIT 1981,NOAEC,subchronic,ratmouse,0,1,40000,3,10,10,1,300,,.,224000,.,.,.,.,,.,.,
,74-87-3,Chloromethane,50,immunological,133,ATSDR Tox Profile,CIIT 1981,NOAEC,subchronic,ratmouse,0,1,40000,3,10,10,1,300,,.,224000,.,.,.,.,,.,.,
,74-87-3,Chloromethane,50,neurological,30,ATSDR,ATSDR MRLs 2025,MRL,chronic,human,,,,,,,,,0,ppm,30,,,,,,Final,,
,74-87-3,Chloromethane,50,ocular,304,ATSDR Tox Profile,CIIT 1981,NOAEC,chronic,ratmouse,0,1,9107,3,10,1,1,30,,.,51000,.,.,.,.,,.,.,
,74-87-3,Chloromethane,50,renal,30,ATSDR Tox Profile,McKenna et al. 1981,NOAEC,subchronic,ratmouse,0,1,9107,3,10,10,1,300,,.,51000,.,.,.,.,,.,.,
,74-87-3,Chloromethane,50,reproductive,89,ECHA IUCLID,EU REACH,NOAEC,.,ratmouse,0,1,26807,3,10,10,1,300,,.,150119,.,.,.,.,,.,.,
,74-87-3,Chloromethane,50,systemic,133,ATSDR Tox Profile,CIIT 1981,NOAEC,subchronic,ratmouse,0,1,40000,3,10,10,1,300,,.,224000,.,.,.,.,,.,.,
,74-98-6,Propane,44,developmental,33332,CompTox,ECHA eChemPortal,NOAEC,chronic,rodent,0,1,999968,3,10,1,1,30,,.,3999871,.,.,.,.,,.,.,
,74-98-6,Propane,44,neurological,7142,ECHA IUCLID,Neurotoxicity,NOAEC,.,rat,0,1,2142684,3,10,10,1,300,21641,mg/m3,11999058,Neurotoxicity,repeat dose other,https://echa.europa.eu/,https://echa.europa.eu/en/registration-dossier/-/registered-dossier/24176?documentUUID=ae86d3ef-c766-4287-b2c9-bd4332f26959,1,.,.,
,74-98-6,Propane,44,reproductive,2381,EPA HPVIS,HPVIS Mammalian Reprotox,NOAEC,.,rat,0,1,714288,3,10,10,1,300,7214,mg/m3,4000021,reproduction developmental,reproduction developmental,.,.,1,.,.,
,74-98-6,Propane,44,systemic,3894,CompTox,ECHA IUCLID,NOAEC,.,rodent,0,1,1168323,3,10,10,1,300,,.,6542622,.,.,.,.,,.,.,
,75-00-3,Chloroethane,65,developmental,3790,IRIS,IRIS Summary,RfC,chronic,human,,,,,,,,,10,mg/m3,3790,Delayed fetal ossification in male/female mice,Toxicity Value,https://www.epa.gov/iris,https://iris.epa.gov/ChemicalLanding/&substance_nmbr=523,,.,.,
,75-00-3,Chloroethane,65,hepatic,11370,Cal OEHHA,Cal OEHHA Export,REL,chronic,human,,,,,,,,,30,mg/m3,11370,Development; alimentary system (liver),,https://oehha.ca.gov/chemicals,https://oehha.ca.gov/chemicals/chloroethane-ethyl-chloride,,,,
,75-00-3,Chloroethane,65,musculoskeletal,3790,IRIS,.,RfC,chronic,human,,,,,,,,,,.,3790,.,.,.,.,,.,.,
,75-00-3,Chloroethane,65,renal,7933,ATSDR Tox Profile,Dow 1941,NOAEC,subchronic,ratmouse,0,1,2380000,3,10,10,1,300,,.,10000000,.,.,.,.,,.,.,
,75-00-3,Chloroethane,65,reproductive,13000,ATSDR,ATSDR MRLs 2025,MRL,subchronic,human,,,,,,,,,13,ppm,13000,,,,,,Final,,
,75-00-3,Chloroethane,65,respiratory,3790,IRIS,.,RfC,chronic,human,,,,,,,,,,.,3790,.,.,.,.,,.,.,
,75-01-4,Vinyl chloride,63,cardiovascular,21,ATSDR Tox Profile,Bi et al. 1985,NOAEC,subchronic,ratmouse,0,3,6429,3,10,10,1,300,,.,10000,.,.,.,.,,.,.,
,75-01-4,Vinyl chloride,63,developmental,27,ATSDR MRLs,.,NOAEC,subchronic,mouse,0,3,8036,3,10,10,1,300,38,mg/m3,15000,developmental,developmental,https://www.atsdr.cdc.gov/ToxProfiles/tp20.pdf,.,,.,.,
,75-01-4,Vinyl chloride,63,hematological,223,ATSDR Tox Profile,Torkelson et al. 1961,NOAEC,subchronic,ratmouse,0,3,66964,3,10,10,1,300,,.,200000,.,.,.,.,,.,.,
,75-01-4,Vinyl chloride,63,hepatic,20,ATSDR,ATSDR MRLs 2025,MRL,subchronic,human,,,,,,,,,0,ppm,20,,,,,,Final,,
,75-01-4,Vinyl chloride,63,immunological,21,ATSDR Tox Profile,Bi et al. 1985,NOAEC,subchronic,ratmouse,0,3,6429,3,10,10,1,300,,.,10000,.,.,.,.,,.,.,
,75-01-4,Vinyl chloride,63,renal,214,ATSDR Tox Profile,Bi et al. 1985,NOAEC,chronic,ratmouse,0,3,6429,3,10,1,1,30,,.,10000,.,.,.,.,,.,.,
,75-01-4,Vinyl chloride,63,reproductive,18,ECHA IUCLID,Toxicity Reproduction,NOAEC,.,rat,0,3,5357,3,10,10,1,300,26,mg/m3,10000,reproduction developmental,reproduction developmental,https://echa.europa.eu/,https://echa.europa.eu/registration-dossier/-/registered-dossier/1841/7/9/2?documentUUID=6a149599-4c1c-4a66-8357-f9154b62598f,1,.,.,
,75-01-4,Vinyl chloride,63,respiratory,89,ECHA IUCLID,EU REACH,NOAEC,.,ratmouse,0,3,26786,3,10,10,1,300,,.,50000,.,.,.,.,,.,.,
,75-01-4,Vinyl chloride,63,systemic,214,ATSDR Tox Profile,Bi et al. 1985,NOAEC,chronic,ratmouse,0,3,6429,3,10,1,1,30,,.,10000,.,.,.,.,,.,.,
,75-05-8,Acetonitrile,41,mortality,36,IRIS,IRIS Summary,RfC,chronic,human,,,,,,,,,0,mg/m3,36,Mortality in male/female mice,Toxicity Value,https://www.epa.gov/iris,https://iris.epa.gov/ChemicalLanding/&substance_nmbr=205,,.,.,
,75-07-0,Acetaldehyde,44,neurological,5,IRIS,.,RfC,chronic,human,,,,,,,,,,.,5,.,.,.,.,,.,.,
,75-07-0,Acetaldehyde,44,respiratory,5,IRIS,IRIS Summary,RfC,chronic,human,,,,,,,,,0,mg/m3,5,Degeneration of olfactory epithelium in male/female rats,Toxicity Value,https://www.epa.gov/iris,https://iris.epa.gov/ChemicalLanding/&substance_nmbr=290,,.,.,
,75-09-2,Dichloromethane (methylene chloride),85,cardiovascular,115,Cal OEHHA,Cal OEHHA Export,REL,chronic,human,,,,,,,,,0,mg/m3,115,Cardiovascular system; nervous system,,https://oehha.ca.gov/chemicals,https://oehha.ca.gov/chemicals/methylene-chloride-dichloromethane,,,,
,75-09-2,Dichloromethane (methylene chloride),85,developmental,492,ECHA,Developmental Toxicity Teratogenicity,LOAEC,.,rat,0,4,1476715,3,10,10,10,3000,4300,mg/m3,1237902,developmental,developmental,https://echa.europa.eu/,https://echa.europa.eu/registration-dossier/-/registered-dossier/1615/7/9/3?documentUUID=60bc278e-428b-4392-85fb-bb56f5d14a1b,1,.https://chem.echa.europa.eu/100.000.763/dossier-view/eab8b08d-9c83-45c0-ad24-fa66de453701/IUC5-80fbc126-df22-453c-adca-97606f306cd9_fa44f2b5-b851-4ab2-ba4b-264367f1f131?searchText=Dichloromethane,.,
,75-09-2,Dichloromethane (methylene chloride),85,hematological,1217,ATSDR Tox Profile,Nitschke et al. 1988a,NOAEC,chronic,ratmouse,0,4,36518,3,10,1,1,30,,.,50000,.,.,.,.,,.,.,
,75-09-2,Dichloromethane (methylene chloride),85,hepatic,173,IRIS,Nitschke et al. 1988,RfC,chronic,rodent,,,,,10,,,,1,mg/m3,173,Hepatic effects (hepatic vacuolation) in male/female rats,Toxicity Value,https://www.epa.gov/iris,https://iris.epa.gov/ChemicalLanding/&substance_nmbr=70,,DAF from https://iris.epa.gov/static/pdfs/0070tr.pdf,.,
,75-09-2,Dichloromethane (methylene chloride),85,neurological,115,Cal OEHHA,Cal OEHHA Export,REL,chronic,human,,,,,,,,,0,mg/m3,115,Cardiovascular system; nervous system,,https://oehha.ca.gov/chemicals,https://oehha.ca.gov/chemicals/methylene-chloride-dichloromethane,,,,
,75-09-2,Dichloromethane (methylene chloride),85,renal,34,ATSDR Tox Profile,Haun et al. 1972,LOAEC,subchronic,ratmouse,1,4,102250,3,10,10,10,3000,,.,25000,.,.,.,.,,.,.,
,75-09-2,Dichloromethane (methylene chloride),85,respiratory,3408,ATSDR Tox Profile,"Mennear et al. 1988, NTP 1986",LOAEC,chronic,ratmouse,0,4,1022500,3,10,1,10,300,,.,1000000,.,.,.,.,,.,.,
,75-09-2,Dichloromethane (methylene chloride),85,systemic,4869,ECHA POC,TSCA POC ECHA,NOAEC,subchronic,ratmouse,0,4,1460711,3,10,10,1,300,,.,2000000,.,.,.,.,,.,.,
,75-15-0,Carbon disulfide,76,developmental,30,ATSDR Tox Profile,Hardin et al. 1981,NOAEC,subchronic,ratmouse,0,1,9049,3,10,10,1,300,,.,40000,.,.,.,.,,.,.,
,75-15-0,Carbon disulfide,76,hematological,960,ATSDR Tox Profile,Cirla and Graziano 1981,NOAEC,chronic,human,,,,1,10,1,1,10,,.,9600,.,.,.,.,,.,.,
,75-15-0,Carbon disulfide,76,hepatic,369,ATSDR Tox Profile,Toxigenics 1983,NOAEC,subchronic,ratmouse,0,1,110803,3,10,10,1,300,,.,800000,.,.,.,.,,.,.,
,75-15-0,Carbon disulfide,76,neurological,100,ATSDR,ATSDR MRLs 2025,MRL,chronic,human,,,,,,,,,0,ppm,100,,,,,,Draft,,
,75-15-0,Carbon disulfide,76,reproductive,135,ATSDR Tox Profile,Tepe and Zenick 1984,NOAEC,subchronic,ratmouse,0,1,40397,3,10,10,1,300,,.,350000,.,.,.,.,,.,.,
,75-15-0,Carbon disulfide,76,systemic,129,ATSDR Tox Profile,Saillenfait et al. 1989,NOAEC,subchronic,ratmouse,0,1,38781,3,10,10,1,300,,.,200000,.,.,.,.,,.,.,
,75-21-8,Ethylene oxide,44,developmental,70,ATSDR,ATSDR MRLs 2025,MRL,subchronic,human,,,,,,,,,0,ppm,70,,,,,,"Final, DAF=1 in https://www.atsdr.cdc.gov/toxprofiles/tp137.pdf",,
,75-21-8,Ethylene oxide,44,endocrine,595,ATSDR Tox Profile,NTP 1987,NOAEC,chronic,ratmouse,0,1,17857,3,10,1,1,30,,.,100000,.,.,.,.,,.,.,
,75-21-8,Ethylene oxide,44,hematological,60,ATSDR Tox Profile,Snellings et al. 1984a,NOAEC,subchronic,ratmouse,0,1,17857,3,10,10,1,300,,.,100000,.,.,.,.,,.,.,
,75-21-8,Ethylene oxide,44,musculoskeletal,347,ATSDR Tox Profile,"Lynch et al. 1984a, 1984b",NOAEC,chronic,ratmouse,0,1,10417,3,10,1,1,30,,.,50000,.,.,.,.,,.,.,
,75-21-8,Ethylene oxide,44,neurological,17,Cal OEHHA,Cal OEHHA Export,REL,chronic,human,,,,,,,,,0,mg/m3,17,Nervous system,,https://oehha.ca.gov/chemicals,https://oehha.ca.gov/chemicals/ethylene-oxide,,,,
,75-21-8,Ethylene oxide,44,renal,60,ATSDR Tox Profile,NTP 1987,NOAEC,subchronic,ratmouse,0,1,17857,3,10,10,1,300,,.,100000,.,.,.,.,,.,.,
,75-21-8,Ethylene oxide,44,reproductive,6,ATSDR Tox Profile,EPA 1994,NOAEC,subchronic,ratmouse,0,1,1786,3,10,10,1,300,,.,10000,.,.,.,.,,.,.,
,75-21-8,Ethylene oxide,44,respiratory,60,ATSDR Tox Profile,EPA 1994,NOAEC,subchronic,ratmouse,0,1,17857,3,10,10,1,300,,.,100000,.,.,.,.,,.,.,
,75-21-8,Ethylene oxide,44,systemic,196,ATSDR Tox Profile,"Garman et al. 1986, Snellings et al. 1984b",NOAEC,chronic,ratmouse,0,1,5893,3,10,1,1,30,,.,33000,.,.,.,.,,.,.,
1,75-25-2,Bromoform,208,hepatic,3,ATSDR Tox Profile,Dykan 1962,NOAEC,subchronic,.,0,1,857,3,10,10,1,300,5,ppm,4800,hepatic effects in rats (hepatic changes (decreased blood clotting and impaired glycogenesis); renal effects in rats - proteinuria and decreased creatinine clearance,subchronic,.,.,1,"https://www.atsdr.cdc.gov/toxprofiles/tp130.pdf, Studies were in rats with BROMOFORM, bromoform and chlorobromomethane in toxprofile, studies are old 1960s, published in russian only availalble as English abstract, LOAEC and NOAEC available, used NOAEC",.,
1,75-25-2,Bromoform,208,renal,3,ATSDR Tox Profile,Dykan 1962,NOAEC,subchronic,.,0,1,857,3,10,10,1,300,5,ppm,4800,hepatic effects in rats (hepatic changes (decreased blood clotting and impaired glycogenesis); renal effects in rats - proteinuria and decreased creatinine clearance,subchronic,.,.,1,"https://www.atsdr.cdc.gov/toxprofiles/tp130.pdf, Studies were in rats with BROMOFORM, bromoform and chlorobromomethane in toxprofile, studies are old 1960s, published in russian only availalble as English abstract, LOAEC and NOAEC available, used NOAEC",.,
,75-27-4,Bromodichloromethane,164,hepatic,1,From PPRTV assessment,"Torti et al., 2001",LOAEC,subchronic,mouse,0,1,2500,3,10,10,10,3000,67,mg/m3,10000,histopathologic changes in the liver,,https://cfpub.epa.gov/ncea/pprtv/documents/Bromodichloromethane.pdf,,,,.,
,75-27-4,Bromodichloromethane,164,renal,3,PPRTV (CPHEA),PPRTV Summary,RfCp,subchronic,mouse,,,,,10,,,,0,mg/m3,3,histopathologic evidence of kidney degeneration,short-term,DAF=1 from https://www.epa.gov/pprtv/basic-information-about-provisional-peer-reviewed-toxicity-values-pprtvs,https://cfpub.epa.gov/ncea/pprtv/chemicalLanding.cfm?pprtv_sub_id=1606,,DAF = 1 from https://cfpub.epa.gov/ncea/pprtv/documents/Bromodichloromethane.pdf,.,
,75-28-5,Isobutane,58,developmental,5357,EPA HPVIS,HPVIS Mammalian Repeat Dose,NOAEC,.,rat,0,1,1607144,3,10,10,1,300,21395,mg/m3,9000026,reproduction developmental,reproduction developmental,.,.,1,DAF from https://www.tceq.texas.gov/downloads/toxicology/dsd/final/butanes.pdf,.,
,75-28-5,Isobutane,58,neurological,5357,ECHA IUCLID,Neurotoxicity,NOAEC,.,rat,0,1,1607038,3,10,10,1,300,21394,mg/m3,8999437,Neurotoxicity,repeat dose other,https://echa.europa.eu/,https://echa.europa.eu/en/registration-dossier/-/registered-dossier/27279?documentUUID=9a6ba039-55e8-42e8-97a7-6de6104341c8,1,.,.,
,75-28-5,Isobutane,58,reproductive,5357,EPA HPVIS,HPVIS Mammalian Repeat Dose,NOAEC,.,rat,0,1,1607144,3,10,10,1,300,21395,mg/m3,9000026,reproduction developmental,reproduction developmental,.,.,1,.,.,
,75-28-5,Isobutane,58,systemic,2976,ECHA IUCLID,EU REACH,NOAEC,.,ratmouse,0,1,892855,3,10,10,1,300,,.,5000000,.,.,.,.,,.,.,
,75-34-3,"1,1-Dichloroethane",99,renal,124,Pennsylvania DEP ToxValues,Health Effects Assessment Summary Table (HEAST),RfC,chronic,human,,,,,,,,,1,mg/m3,124,kidney damage,,https://files.dep.state.pa.us/EnvironmentalCleanupBrownfields/LandRecyclingProgram/LandRecyclingProgramPortalFiles/GuidanceTechTools/VaporIntrusion/November_2021/Table%205a.pdf,-, ,,,
,75-69-4,Trichlorofluoromethane,137,neurological,178,PPRTV (CPHEA),PPRTV Summary,RfCp,subchronic,human,,,,,,,,,1,mg/m3,178,reduced cognitive performance,Toxicity Value,https://www.epa.gov/pprtv/basic-information-about-provisional-peer-reviewed-toxicity-values-pprtvs,https://cfpub.epa.gov/ncea/pprtv/chemicalLanding.cfm?pprtv_sub_id=1933,,.,.,
,76-14-2,"1,2-Dichloro-1,1,2,2-tetrafluoroethane",171,cardiovascular,4167,NAS CEGL,Leuschner et al. 1983,NOAEC,subchronic,dog,0,1,1250000,3,10,10,1,300,5000,ppm,5000000,"CNS depression, changes in cardiac rhythm, pulmonary changes, bronchospasm, reduction inpulmonary compliance",,.,.,1,"Added entry, https://nap.nationalacademies.org/read/12032/chapter/8#143, see Chapter 6 Freon 114 (another name for 1,2-Dichloro-1,1,2,2-tetrafluoroethane), original entry for 76-14-2 was a DOD MEG (based on a CEGL), new_rfc is based on the study used to derive the CEGL",.,
,78-78-4,2-Methylbutane,72,developmental,25290,CompTox,ECHA eChemPortal,NOAEC,chronic,rodent,0,1,758699,3,10,1,1,30,,.,3034795,.,.,.,.,,.,.,
,78-78-4,2-Methylbutane,72,reproductive,25290,CompTox,ECHA eChemPortal,NOAEC,chronic,rodent,0,1,758699,3,10,1,1,30,,.,3034795,.,.,.,.,,.,.,
,78-78-4,2-Methylbutane,72,respiratory,7,CompTox,ECHA IUCLID,NOAEC,.,rodent,0,1,2033,3,10,10,1,300,,.,6778,.,.,.,.,,.,.,
,78-78-4,2-Methylbutane,72,systemic,217895,ECHA,.,DNEL,chronic,human,,,,,,,,,643,mg/m3,217895,.,Toxicity Value,,.,1,"DNEL(derived no-effect levels), this entry originally listed a GESTIS DNEL (occupational), general population DNEL is listed in dossier at https://chem.echa.europa.eu/",.,
,78-79-5,Isoprene,68,developmental,4167,EPA HPVIS,HPVIS Mammalian Devtox,NOAEC,subchronic,rat,0,1,1250005,3,10,10,1,300,19503,mg/m3,7000046,developmental,developmental,.,.,1,.,.,
,78-79-5,Isoprene,68,neurological,1309,ECHA POC,TSCA POC ECHA,NOAEC,subchronic,ratmouse,0,1,392830,3,10,10,1,300,,.,2199854,.,.,.,.,,.,.,
,78-79-5,Isoprene,68,reproductive,42,ECHA IUCLID,Toxicity Reproduction,NOAEC,.,mouse,0,1,12498,3,10,10,1,300,195,mg/m3,69991,reproduction developmental,reproduction developmental,https://echa.europa.eu/,https://echa.europa.eu/registration-dossier/-/registered-dossier/16096/7/9/2?documentUUID=e0012230-e295-44d7-9840-92e93e6cc990,1,.,.,
,78-79-5,Isoprene,68,respiratory,42,ECHA POC,TSCA POC ECHA,NOAEC,subchronic,ratmouse,0,1,12498,3,10,10,1,300,,.,69990,.,.,.,.,,.,.,
,78-93-3,Methyl ethyl ketone,72,developmental,1695,IRIS,IRIS Summary,RfC,chronic,human,,,,,,,,,5,mg/m3,1695,Developmental toxicity (skeletal variations) in male/female mice,Toxicity Value,https://www.epa.gov/iris,https://iris.epa.gov/ChemicalLanding/&substance_nmbr=71,,.,.,
,78-93-3,Methyl ethyl ketone,72,musculoskeletal,1695,IRIS,.,RfC,chronic,human,,,,,,,,,,.,1695,.,.,.,.,,.,.,
,78-93-3,Methyl ethyl ketone,72,respiratory,1695,IRIS,.,RfC,chronic,human,,,,,,,,,,.,1695,.,.,.,.,,.,.,
,79-00-5,"1,1,2-Trichloroethane",133,hepatic,8,ATSDR Tox Profile,Kirkpatrick 2002,NOAEC,subchronic,ratmouse,0,0,2321,3,10,10,1,300,,.,100000,.,.,.,.,,DAF from https://www.atsdr.cdc.gov/ToxProfiles/tp148.pdf,.,
,79-00-5,"1,1,2-Trichloroethane",133,respiratory,2,ATSDR,ATSDR MRLs 2025,MRL,subchronic,human,,,,,,,,,2,ppb,2,,,,,,"Final. DAF = 0.13 applied to subchronic, https://www.atsdr.cdc.gov/ToxProfiles/tp148.pdf",,
,79-01-6,Trichloroethylene,131,developmental,0,IRIS,"Keil et al. 2009, Johnson et al. 2003",RfC,chronic,human,,,,,,,,,,.,0,.,.,.,.,,.,.,
,79-01-6,Trichloroethylene,131,endocrine,3571,ATSDR Tox Profile,Maltoni et al. 1988,NOAEC,chronic,ratmouse,0,1,107143,3,10,1,1,30,,.,600000,.,.,.,.,,.,.,
,79-01-6,Trichloroethylene,131,hepatic,169,IRIS,Kjellstrand et al. 1983,RfCc,subchronic,ratmouse,,,,,10,,,,,.,169,.,.,.,.,,.,.,
,79-01-6,Trichloroethylene,131,immunological,0,ATSDR,ATSDR MRLs 2025,MRL,chronic,human,,,,,,,,,0,ppm,0,,,,,,Final,,
,79-01-6,Trichloroethylene,131,neurological,1,IRIS,Isaacson et al. 1990,RfCc,subchronic,ratmouse,,,,,10,,,,1,ppb,1,.,.,.,.,,.,.,
,79-01-6,Trichloroethylene,131,ocular,112,Cal OEHHA,Cal OEHHA Export,REL,chronic,human,,,,,,,,,1,mg/m3,112,Nervous system; eyes,,https://oehha.ca.gov/chemicals,https://oehha.ca.gov/chemicals/trichloroethylene,,,,
,79-01-6,Trichloroethylene,131,renal,117,ATSDR Tox Profile,Prendergast et al. 1967,NOAEC,subchronic,ratmouse,1,1,35000,3,10,10,1,300,,.,35000,.,.,.,.,,.,.,
,79-01-6,Trichloroethylene,131,reproductive,2,IRIS,DuTeaux et al. 2014,RfCc,subchronic,ratmouse,,,,,10,,,,,.,2,.,.,.,.,,.,.,
,79-01-6,Trichloroethylene,131,respiratory,117,ATSDR Tox Profile,Prendergast et al. 1967,NOAEC,subchronic,ratmouse,1,1,35000,3,10,10,1,300,,.,35000,.,.,.,.,,.,.,
,79-01-6,Trichloroethylene,131,systemic,250,ATSDR Tox Profile,Kjellstrand et al. 1983,NOAEC,subchronic,ratmouse,1,1,75000,3,10,10,1,300,,.,75000,.,.,.,.,,.,.,
,79-34-5,"1,1,2,2-Tetrachloroethane",168,hematological,108,ATSDR Tox Profile,Horiuchi et al. 1962,LOAEC,subchronic,ratmouse,0,1,324000,3,10,10,10,3000,,.,9000000,.,.,.,.,,.,.,
,79-34-5,"1,1,2,2-Tetrachloroethane",168,hepatic,108,ATSDR Tox Profile,Horiuchi et al. 1962,LOAEC,subchronic,ratmouse,0,1,324000,3,10,10,10,3000,,.,9000000,.,.,.,.,,.,.,
,79-34-5,"1,1,2,2-Tetrachloroethane",168,neurological,108,ATSDR Tox Profile,Horiuchi et al. 1962,LOAEC,subchronic,ratmouse,0,1,324000,3,10,10,10,3000,,.,9000000,.,.,.,.,,.,.,
,79-34-5,"1,1,2,2-Tetrachloroethane",168,reproductive,1,EPA HPVIS,.,NOAEC,.,ratmouse,0,1,346,3,10,10,1,300,,.,1937,.,.,.,.,,.,.,
,91-20-3,Naphthalene,128,respiratory,1,IRIS,IRIS Summary,RfC,chronic,human,,,,,,,,,0,mg/m3,1,"Nasal effects: hyperplasia and metaplasia, respectively in male/female mice",Toxicity Value,https://www.epa.gov/iris,https://iris.epa.gov/ChemicalLanding/&substance_nmbr=436,,DAF=1  https://iris.epa.gov/static/pdfs/0436tr.pdf,.,
,91-20-3,Naphthalene,128,systemic,572,ToxRefDB,.,LOAEC,chronic,rat,0,1,171681,3,10,1,10,300,4,mg/kg-day,686723,systemic: pathology microscopic-nose-metaplasia|systemic: pathology microscopic-nose-adenoma|systemic: pathology microscopic-nose-atrophy|systemic: pathology microscopic-nose-hyperplasia|systemic: pathology microscopic-lung-inflammation|systemic: pathology microscopic-nose-inflammation|systemic: in life observation-body weight-body weight|systemic: pathology microscopic-nose-degeneration|systemic: pathology microscopic-nose-neoplasm nos,chronic,https://github.com/USEPA/CompTox-ToxRefDB,.,,.,.,
,95-47-6,o-Xylene,106,developmental,429,ECHA IUCLID,Developmental Toxicity Teratogenicity,BMCL,.,rat,0,1,128572,3,10,10,1,300,3126,mg/m3,720005,reproduction developmental,reproduction developmental,https://echa.europa.eu/,https://echa.europa.eu/en/registration-dossier/-/registered-dossier/27279?documentUUID=d93ffe47-fb53-499d-b103-7e8dfbbad211,1,.,.,
,95-47-6,o-Xylene,106,neurological,250,ECHA IUCLID,Neurotoxicity,LOAEC,.,rat,0,1,750003,3,10,10,10,3000,13027,mg/m3,3000012,Neurotoxicity,repeat dose other,https://echa.europa.eu/,https://echa.europa.eu/en/registration-dossier/-/registered-dossier/27279?documentUUID=dfef0546-422f-4da0-a47c-395434b88899,1,.,.,
,95-50-1,"1,2-Dichlorobenzene",147,developmental,119,EPA HPVIS,HPVIS Mammalian Devtox,NOAEC,subchronic,rat,0,1,35714,3,10,10,1,300,1202,mg/m3,200001,developmental,developmental,.,.,1,.,.,
,95-50-1,"1,2-Dichlorobenzene",147,immunological,65,ATSDR Tox Profile,Hollingsworth et al. 1958,NOAEC,subchronic,ratmouse,0,1,19375,3,10,10,1,300,,.,93000,.,.,.,.,,.,.,
,95-50-1,"1,2-Dichlorobenzene",147,systemic,34,ATSDR Tox Profile,Hollingsworth et al. 1958,NOAEC,subchronic,ratmouse,0,1,10208,3,10,10,1,300,,.,49000,.,.,.,.,,.,.,
,95-63-6,"1,2,4-Trimethylbenzene",120,developmental,175,ECHA IUCLID,Developmental Toxicity Teratogenicity,NOAEC,subchronic,rat,0,1,52500,3,10,10,1,300,300,ppm,300000,developmental,developmental,https://echa.europa.eu/,https://echa.europa.eu/registration-dossier/-/registered-dossier/13135/7/9/3?documentUUID=2457f57c-ba6d-4428-ac10-ed14986b4b10,1,.,.,
,95-63-6,"1,2,4-Trimethylbenzene",120,neurological,12,IRIS,Korsak & Rydzy?ski 1996,RfC,chronic,rodent,,,,,10,,,,0,mg/m3,12,reduced pain sensitivity in male wistar rats,Toxicity Value,https://www.epa.gov/iris,https://iris.epa.gov/ChemicalLanding/&substance_nmbr=1037,,.,.,
,,,,,,,,,,,,,,,,,,,,,,,,,,,,,
,,,,,,,,,,,,,,,,,,,,,,,,,,,,,
,,,,,,,,,,,,,,,,,,,,,,,,,,,,,
,,,,,,,,,,,,,,,,,,,,,,,,,,,,,
,,,,,,,,,,,,,,,,,,,,,,,,,,,,,
,,,,,,,,,,,,,,,,,,,,,,,,,,,,,
,,,,,,,,,,,,,,,,,,,,,,,,,,,,,
,,,,,,,,,,,,,,,,,,,,,,,,,,,,,
,,,,,,,,,,,,,,,,,,,,,,,,,,,,,
,,,,,,,,,,,,,,,,,,,,,,,,,,,,,
,,,,,,,,,,,,,,,,,,,,,,,,,,,,,
,,,,,,,,,,,,,,,,,,,,,,,,,,,,,
,,,,,,,,,,,,,,,,,,,,,,,,,,,,,
,,,,,,,,,,,,,,,,,,,,,,,,,,,,,
,,,,,,,,,,,,,,,,,,,,,,,,,,,,,
,,,,,,,,,,,,,,,,,,,,,,,,,,,,,
,,,,,,,,,,,,,,,,,,,,,,,,,,,,,
,,,,,,,,,,,,,,,,,,,,,,,,,,,,,
,,,,,,,,,,,,,,,,,,,,,,,,,,,,,
,,,,,,,,,,,,,,,,,,,,,,,,,,,,,
,,,,,,,,,,,,,,,,,,,,,,,,,,,,,
,,,,,,,,,,,,,,,,,,,,,,,,,,,,,
,,,,,,,,,,,,,,,,,,,,,,,,,,,,,
,,,,,,,,,,,,,,,,,,,,,,,,,,,,,
,,,,,,,,,,,,,,,,,,,,,,,,,,,,,
,,,,,,,,,,,,,,,,,,,,,,,,,,,,,
,,,,,,,,,,,,,,,,,,,,,,,,,,,,,
,,,,,,,,,,,,,,,,,,,,,,,,,,,,,