"","casrn","name","average_mass","endpoint","new_rfc","rfcs_ugm","ATS_name"
"1","100-41-4","Ethylbenzene",106,"aural",2072.658,8985.75656441718,"ETHYLBENZENE"
"2","100-41-4","Ethylbenzene",106,"developmental",230.295,998.415950920245,"ETHYLBENZENE"
"3","100-41-4","Ethylbenzene",106,"endocrine",460.591,1996.83623721881,"ETHYLBENZENE"
"4","100-41-4","Ethylbenzene",106,"hepatic",83.29,361.093660531697,"ETHYLBENZENE"
"5","100-41-4","Ethylbenzene",106,"immunological",69.408,300.909938650307,"ETHYLBENZENE"
"6","100-41-4","Ethylbenzene",106,"musculoskeletal",59.493,257.924662576687,"ETHYLBENZENE"
"7","100-41-4","Ethylbenzene",106,"neurological",2000,8670.75664621677,"ETHYLBENZENE"
"8","100-41-4","Ethylbenzene",106,"renal",60,260.122699386503,"ETHYLBENZENE"
"9","100-41-4","Ethylbenzene",106,"reproductive",59.522,258.050388548057,"ETHYLBENZENE"
"10","100-41-4","Ethylbenzene",106,"systemic",2083.333,9032.03672801636,"ETHYLBENZENE"
"11","100-42-5","Styrene",104,"developmental",59.34,252.40736196319,"STYRENE"
"12","100-42-5","Styrene",104,"hematological",13.135,55.8707566462168,"STYRENE"
"13","100-42-5","Styrene",104,"hepatic",4000,17014.3149284254,"STYRENE"
"14","100-42-5","Styrene",104,"immunological",260,1105.93047034765,"STYRENE"
"15","100-42-5","Styrene",104,"neurological",200,850.715746421268,"STYRENE"
"16","100-42-5","Styrene",104,"ocular",17.886,76.079509202454,"STYRENE"
"17","100-42-5","Styrene",104,"renal",2600,11059.3047034765,"STYRENE"
"18","100-42-5","Styrene",104,"reproductive",29.345,124.821267893661,"STYRENE"
"19","100-42-5","Styrene",104,"respiratory",4600,19566.4621676892,"STYRENE"
"20","100-42-5","Styrene",104,"systemic",476.189,2025.50740286299,"STYRENE"
"21","107-06-2","1,2-Dichloroethane",99,"cardiovascular",347.222,1405.92957055215,"ETHYLENE DICHLORIDE (1,2-DICHLOROETHANE)"
"22","107-06-2","1,2-Dichloroethane",99,"developmental",59.524,241.017423312883,"ETHYLENE DICHLORIDE (1,2-DICHLOROETHANE)"
"23","107-06-2","1,2-Dichloroethane",99,"endocrine",347.222,1405.92957055215,"ETHYLENE DICHLORIDE (1,2-DICHLOROETHANE)"
"24","107-06-2","1,2-Dichloroethane",99,"hematological",347.222,1405.92957055215,"ETHYLENE DICHLORIDE (1,2-DICHLOROETHANE)"
"25","107-06-2","1,2-Dichloroethane",99,"hepatic",98.838,400.202944785276,"ETHYLENE DICHLORIDE (1,2-DICHLOROETHANE)"
"26","107-06-2","1,2-Dichloroethane",99,"neurological",1.73,7.00490797546012,"ETHYLENE DICHLORIDE (1,2-DICHLOROETHANE)"
"27","107-06-2","1,2-Dichloroethane",99,"systemic",347.222,1405.92957055215,"ETHYLENE DICHLORIDE (1,2-DICHLOROETHANE)"
"28","108-88-3","Toluene",92,"cardiovascular",2400,9030.67484662577,"TOLUENE"
"29","108-88-3","Toluene",92,"developmental",238.095,895.899386503068,"TOLUENE"
"30","108-88-3","Toluene",92,"endocrine",1.786,6.72032719836401,"TOLUENE"
"31","108-88-3","Toluene",92,"hematological",410,1542.74028629857,"TOLUENE"
"32","108-88-3","Toluene",92,"hepatic",2400,9030.67484662577,"TOLUENE"
"33","108-88-3","Toluene",92,"immunological",410,1542.74028629857,"TOLUENE"
"34","108-88-3","Toluene",92,"mortality",357.122,1343.77194274029,"TOLUENE"
"35","108-88-3","Toluene",92,"musculoskeletal",25,94.0695296523517,"TOLUENE"
"36","108-88-3","Toluene",92,"neurological",1000,3762.78118609407,"TOLUENE"
"37","108-88-3","Toluene",92,"ocular",111.449,419.358200408998,"TOLUENE"
"38","108-88-3","Toluene",92,"renal",2400,9030.67484662577,"TOLUENE"
"39","108-88-3","Toluene",92,"reproductive",2400,9030.67484662577,"TOLUENE"
"40","108-88-3","Toluene",92,"respiratory",1860,6998.77300613497,"TOLUENE"
"41","108-88-3","Toluene",92,"systemic",178.571,671.923599182004,"TOLUENE"
"42","127-18-4","Tetrachloroethylene",166,"developmental",148.81,1010.32556237219,"TETRACHLOROETHYLENE"
"43","127-18-4","Tetrachloroethylene",166,"hepatic",5.161,35.039918200409,"TETRACHLOROETHYLENE"
"44","127-18-4","Tetrachloroethylene",166,"neurological",5.898,40.0436809815951,"TETRACHLOROETHYLENE"
"45","127-18-4","Tetrachloroethylene",166,"ocular",5.898,40.0436809815951,"TETRACHLOROETHYLENE"
"46","127-18-4","Tetrachloroethylene",166,"renal",0.5,3.39468302658487,"TETRACHLOROETHYLENE"
"47","127-18-4","Tetrachloroethylene",166,"reproductive",59.524,404.130224948875,"TETRACHLOROETHYLENE"
"48","127-18-4","Tetrachloroethylene",166,"respiratory",59.506,404.008016359918,"TETRACHLOROETHYLENE"
"49","127-18-4","Tetrachloroethylene",166,"systemic",297.618,2020.63754601227,"TETRACHLOROETHYLENE"
"50","1330-20-7","Xylenes",106,"cardiovascular",46.428,201.282944785276,"XYLENES (MIXED ISOMERS)"
"51","1330-20-7","Xylenes",106,"developmental",527.977,2288.9800408998,"XYLENES (MIXED ISOMERS)"
"52","1330-20-7","Xylenes",106,"gastrointestinal",140,606.952965235174,"XYLENES (MIXED ISOMERS)"
"53","1330-20-7","Xylenes",106,"hematological",1400,6069.52965235174,"XYLENES (MIXED ISOMERS)"
"54","1330-20-7","Xylenes",106,"hepatic",1400,6069.52965235174,"XYLENES (MIXED ISOMERS)"
"55","1330-20-7","Xylenes",106,"neurological",23.03,99.8437627811861,"XYLENES (MIXED ISOMERS)"
"56","1330-20-7","Xylenes",106,"ocular",140,606.952965235174,"XYLENES (MIXED ISOMERS)"
"57","1330-20-7","Xylenes",106,"reproductive",3.427,14.8573415132924,"XYLENES (MIXED ISOMERS)"
"58","1330-20-7","Xylenes",106,"respiratory",140,606.952965235174,"XYLENES (MIXED ISOMERS)"
"59","1330-20-7","Xylenes",106,"systemic",54.762,237.413987730061,"XYLENES (MIXED ISOMERS)"
"60","56-23-5","Carbon tetrachloride",154,"developmental",6.358,40.0462985685072,"CARBON TETRACHLORIDE"
"61","56-23-5","Carbon tetrachloride",154,"hepatic",15.896,100.122044989775,"CARBON TETRACHLORIDE"
"62","56-23-5","Carbon tetrachloride",154,"neurological",6.358,40.0462985685072,"CARBON TETRACHLORIDE"
"63","56-23-5","Carbon tetrachloride",154,"systemic",46.258,291.35918200409,"CARBON TETRACHLORIDE"
"64","71-43-2","Benzene",78,"developmental",5.952,18.9879754601227,"BENZENE"
"65","71-43-2","Benzene",78,"hematological",0.939,2.99558282208589,"BENZENE"
"66","71-43-2","Benzene",78,"immunological",2,6.38036809815951,"BENZENE"
"67","71-43-2","Benzene",78,"ocular",330,1052.76073619632,"BENZENE"
"68","71-43-2","Benzene",78,"renal",3300,10527.6073619632,"BENZENE"
"69","71-43-2","Benzene",78,"reproductive",17.857,56.9671165644172,"BENZENE"
"70","71-43-2","Benzene",78,"respiratory",330,1052.76073619632,"BENZENE"
"71","75-09-2","Dichloromethane (methylene chloride)",85,"cardiovascular",115.154,400.330879345603,"METHYLENE CHLORIDE"
"72","75-09-2","Dichloromethane (methylene chloride)",85,"developmental",492.238,1711.25685071575,"METHYLENE CHLORIDE"
"73","75-09-2","Dichloromethane (methylene chloride)",85,"hematological",1217.259,4231.77975460123,"METHYLENE CHLORIDE"
"74","75-09-2","Dichloromethane (methylene chloride)",85,"hepatic",172.73,600.492842535787,"METHYLENE CHLORIDE"
"75","75-09-2","Dichloromethane (methylene chloride)",85,"neurological",115.154,400.330879345603,"METHYLENE CHLORIDE"
"76","75-09-2","Dichloromethane (methylene chloride)",85,"renal",34.083,118.488957055215,"METHYLENE CHLORIDE"
"77","75-09-2","Dichloromethane (methylene chloride)",85,"respiratory",3408.333,11849.0104294479,"METHYLENE CHLORIDE"
"78","75-09-2","Dichloromethane (methylene chloride)",85,"systemic",4869.036,16927.1190184049,"METHYLENE CHLORIDE"
"79","75-34-3","1,1-Dichloroethane",99,"renal",123.535,500.203067484663,"ETHYLIDENE DICHLORIDE (1,1-DICHLOROETHANE)"
"80","79-01-6","Trichloroethylene",131,"developmental",0.372,1.99312883435583,"TRICHLOROETHYLENE"
"81","79-01-6","Trichloroethylene",131,"endocrine",3571.42,19135.2155419223,"TRICHLOROETHYLENE"
"82","79-01-6","Trichloroethylene",131,"hepatic",169.326,907.227239263804,"TRICHLOROETHYLENE"
"83","79-01-6","Trichloroethylene",131,"immunological",0.4,2.14314928425358,"TRICHLOROETHYLENE"
"84","79-01-6","Trichloroethylene",131,"neurological",1.321,7.07775051124744,"TRICHLOROETHYLENE"
"85","79-01-6","Trichloroethylene",131,"ocular",111.661,598.265480572597,"TRICHLOROETHYLENE"
"86","79-01-6","Trichloroethylene",131,"renal",116.667,625.086993865031,"TRICHLOROETHYLENE"
"87","79-01-6","Trichloroethylene",131,"reproductive",1.73,9.26912065439673,"TRICHLOROETHYLENE"
"88","79-01-6","Trichloroethylene",131,"respiratory",116.667,625.086993865031,"TRICHLOROETHYLENE"
"89","79-01-6","Trichloroethylene",131,"systemic",250,1339.46830265849,"TRICHLOROETHYLENE"
"90","91-20-3","Naphthalene",128,"respiratory",0.572,2.99451942740286,"NAPHTHALENE"
"91","91-20-3","Naphthalene",128,"systemic",572.269,2995.92768916155,"NAPHTHALENE"
